,Walk Score,Transit Score,Bike Score,city_state
0,35,25,31,"Birmingham, Alabama"
1,26,16,38,"Montgomery, Alabama"
2,32,0,39,"Mobile, Alabama"
3,24,13,40,"Huntsville, Alabama"
4,33,0,37,"Tuscaloosa, Alabama"
5,17,0,12,"Hoover, Alabama"
6,23,0,35,"Dothan, Alabama"
7,25,0,40,"Decatur, Alabama"
8,27,0,38,"Auburn, Alabama"
9,17,0,34,"Madison, Alabama"
10,32,0,36,"Florence, Alabama"
11,25,0,33,"Gadsden, Alabama"
12,22,0,15,"Vestavia Hills, Alabama"
13,17,0,28,"Prattville, Alabama"
14,23,0,24,"Phenix City, Alabama"
15,9,0,20,"Alabaster, Alabama"
16,26,0,31,"Bessemer, Alabama"
17,19,0,28,"Enterprise, Alabama"
18,17,0,29,"Opelika, Alabama"
19,41,22,27,"Homewood, Alabama"
20,26,0,30,"Northport, Alabama"
21,23,0,26,"Anniston, Alabama"
22,25,0,39,"Prichard, Alabama"
23,21,0,37,"Athens, Alabama"
24,16,0,32,"Daphne, Alabama"
25,13,0,16,"Pelham, Alabama"
26,10,0,23,"Oxford, Alabama"
27,21,0,34,"Albertville, Alabama"
28,33,0,48,"Selma, Alabama"
29,22,0,16,"Mountain Brook, Alabama"
30,10,0,12,"Trussville, Alabama"
31,21,0,24,"Troy, Alabama"
32,13,0,31,"Tillmans Corner, Alabama"
33,24,0,19,"Center Point, Alabama"
34,12,0,18,"Helena, Alabama"
35,28,21,52,"Anchorage, Alaska"
36,33,24,57,"Fairbanks, Alaska"
37,22,18,35,"Juneau, Alaska"
38,2,0,35,"Badger, Alaska"
39,41,36,56,"Phoenix, Arizona"
40,42,35,67,"Tucson, Arizona"
41,37,27,61,"Mesa, Arizona"
42,35,24,57,"Chandler, Arizona"
43,40,34,59,"Glendale, Arizona"
44,31,26,56,"Scottsdale, Arizona"
45,28,15,54,"Gilbert, Arizona"
46,53,47,74,"Tempe, Arizona"
47,29,14,47,"Peoria, Arizona"
48,21,0,47,"Surprise, Arizona"
49,31,19,55,"Yuma, Arizona"
50,13,0,35,"San Tan Valley, Arizona"
51,28,0,52,"Avondale, Arizona"
52,24,0,46,"Casas Adobes, Arizona"
53,38,35,65,"Flagstaff, Arizona"
54,18,0,42,"Goodyear, Arizona"
55,15,0,29,"Lake Havasu City, Arizona"
56,13,0,33,"Buckeye, Arizona"
57,13,0,30,"Catalina Foothills, Arizona"
58,26,0,45,"Casa Grande, Arizona"
59,25,0,53,"Sierra Vista, Arizona"
60,14,0,39,"Maricopa, Arizona"
61,12,0,41,"Oro Valley, Arizona"
62,25,0,27,"Prescott, Arizona"
63,23,0,32,"Bullhead City, Arizona"
64,17,0,36,"Prescott Valley, Arizona"
65,25,0,43,"Sun City, Arizona"
66,18,0,42,"Apache Junction, Arizona"
67,12,0,38,"Marana, Arizona"
68,27,0,43,"El Mirage, Arizona"
69,24,0,36,"Kingman, Arizona"
70,15,0,32,"Drexel Heights, Arizona"
71,16,0,44,"Queen Creek, Arizona"
72,13,0,36,"Fortuna Foothills, Arizona"
73,19,0,39,"Florence, Arizona"
74,27,0,43,"San Luis, Arizona"
75,9,0,31,"Sahuarita, Arizona"
76,11,0,40,"Sun City West, Arizona"
77,19,0,26,"Fountain Hills, Arizona"
78,18,0,42,"Anthem, Arizona"
79,12,0,31,"Green Valley, Arizona"
80,34,0,27,"Nogales, Arizona"
81,6,0,17,"Rio Rico, Arizona"
82,41,0,49,"Douglas, Arizona"
83,4,0,29,"Tanque Verde, Arizona"
84,14,0,35,"Eloy, Arizona"
85,32,19,32,"Little Rock, Arkansas"
86,35,0,38,"Fort Smith, Arkansas"
87,32,0,50,"Fayetteville, Arkansas"
88,26,0,39,"Springdale, Arkansas"
89,21,0,34,"Jonesboro, Arkansas"
90,30,19,34,"North Little Rock, Arkansas"
91,25,0,37,"Conway, Arkansas"
92,20,0,43,"Rogers, Arkansas"
93,28,0,39,"Pine Bluff, Arkansas"
94,25,0,41,"Bentonville, Arkansas"
95,31,0,27,"Hot Springs, Arkansas"
96,18,0,27,"Benton, Arkansas"
97,25,0,40,"Texarkana, Arkansas"
98,20,7,29,"Sherwood, Arkansas"
99,23,3,37,"Jacksonville, Arkansas"
100,27,0,38,"Russellville, Arkansas"
101,3,0,9,"Bella Vista, Arkansas"
102,33,0,43,"West Memphis, Arkansas"
103,22,0,35,"Paragould, Arkansas"
104,17,0,31,"Cabot, Arkansas"
105,39,0,45,"Searcy, Arkansas"
106,23,0,27,"Van Buren, Arkansas"
107,31,0,38,"El Dorado, Arkansas"
108,15,0,44,"Maumelle, Arkansas"
109,16,0,31,"Bryant, Arkansas"
110,68,53,59,"Los Angeles, California"
111,51,37,43,"San Diego, California"
112,49,41,62,"San Jose, California"
113,87,80,72,"San Francisco, California"
114,45,32,59,"Fresno, California"
115,45,34,68,"Sacramento, California"
116,72,52,69,"Long Beach, California"
117,74,56,65,"Oakland, California"
118,34,27,44,"Bakersfield, California"
119,55,37,52,"Anaheim, California"
120,66,45,61,"Santa Ana, California"
121,42,33,49,"Riverside, California"
122,43,28,57,"Stockton, California"
123,43,36,41,"Chula Vista, California"
124,48,36,54,"Fremont, California"
125,43,27,69,"Irvine, California"
126,43,35,44,"San Bernardino, California"
127,45,30,50,"Modesto, California"
128,55,32,52,"Oxnard, California"
129,36,29,41,"Fontana, California"
130,32,29,37,"Moreno Valley, California"
131,71,45,52,"Glendale, California"
132,55,32,71,"Huntington Beach, California"
133,35,0,33,"Santa Clarita, California"
134,61,39,58,"Garden Grove, California"
135,44,27,51,"Santa Rosa, California"
136,36,33,33,"Oceanside, California"
137,40,25,46,"Rancho Cucamonga, California"
138,46,26,47,"Ontario, California"
139,29,0,42,"Lancaster, California"
140,32,0,46,"Elk Grove, California"
141,24,0,35,"Palmdale, California"
142,38,18,35,"Corona, California"
143,47,33,51,"Salinas, California"
144,52,35,48,"Pomona, California"
145,67,39,55,"Torrance, California"
146,55,40,54,"Hayward, California"
147,44,31,40,"Escondido, California"
148,59,41,76,"Sunnyvale, California"
149,69,51,70,"Pasadena, California"
150,51,34,55,"Orange, California"
151,53,34,48,"Fullerton, California"
152,32,17,27,"Thousand Oaks, California"
153,75,56,50,"East Los Angeles, California"
154,35,0,49,"Visalia, California"
155,36,21,47,"Simi Valley, California"
156,46,30,53,"Concord, California"
157,36,20,61,"Roseville, California"
158,58,41,74,"Santa Clara, California"
159,40,31,36,"Vallejo, California"
160,19,23,34,"Victorville, California"
161,62,46,58,"El Monte, California"
162,83,59,82,"Berkeley, California"
163,60,0,54,"Downey, California"
164,64,39,66,"Costa Mesa, California"
165,72,49,55,"Inglewood, California"
166,46,0,57,"San Buenaventura (Ventura), California"
167,44,0,37,"West Covina, California"
168,60,43,53,"Norwalk, California"
169,30,23,29,"Carlsbad, California"
170,32,25,42,"Fairfield, California"
171,57,43,53,"Richmond, California"
172,27,20,24,"Murrieta, California"
173,70,39,62,"Burbank, California"
174,36,0,42,"Antioch, California"
175,61,52,35,"Daly City, California"
176,29,16,29,"Temecula, California"
177,47,0,55,"Santa Maria, California"
178,57,38,47,"El Cajon, California"
179,39,30,45,"Rialto, California"
180,65,40,65,"San Mateo, California"
181,65,0,61,"Compton, California"
182,36,0,51,"Clovis, California"
183,70,0,56,"South Gate, California"
184,44,34,31,"Vista, California"
185,35,0,37,"Mission Viejo, California"
186,33,24,46,"Vacaville, California"
187,50,32,65,"Arden-Arcade, California"
188,55,0,51,"Carson, California"
189,15,0,32,"Hesperia, California"
190,26,18,42,"Redding, California"
191,82,62,86,"Santa Monica, California"
192,63,0,58,"Westminster, California"
193,61,0,66,"Santa Barbara, California"
194,45,0,69,"Chico, California"
195,63,0,52,"Whittier, California"
196,47,29,53,"Newport Beach, California"
197,63,45,62,"San Leandro, California"
198,71,45,59,"Hawthorne, California"
199,33,0,30,"San Marcos, California"
200,43,0,47,"Citrus Heights, California"
201,71,0,50,"Alhambra, California"
202,42,0,47,"Tracy, California"
203,40,0,66,"Livermore, California"
204,55,39,55,"Buena Park, California"
205,56,0,62,"Lakewood, California"
206,38,0,53,"Merced, California"
207,30,0,43,"Hemet, California"
208,43,24,48,"Chino, California"
209,16,0,29,"Menifee, California"
210,39,0,46,"Lake Forest, California"
211,42,0,60,"Napa, California"
212,61,0,67,"Redwood City, California"
213,65,0,61,"Bellflower, California"
214,31,0,43,"Indio, California"
215,51,34,59,"Tustin, California"
216,53,0,50,"Baldwin Park, California"
217,23,0,20,"Chino Hills, California"
218,65,43,90,"Mountain View, California"
219,66,41,76,"Alameda, California"
220,47,29,49,"Upland, California"
221,30,0,55,"Folsom, California"
222,24,0,37,"San Ramon, California"
223,40,0,58,"Pleasanton, California"
224,69,0,57,"Lynwood, California"
225,47,0,53,"Union City, California"
226,12,20,31,"Apple Valley, California"
227,39,0,53,"Redlands, California"
228,41,29,46,"Turlock, California"
229,24,0,33,"Perris, California"
230,41,0,46,"Manteca, California"
231,52,39,66,"Milpitas, California"
232,74,0,64,"Redondo Beach, California"
233,44,34,90,"Davis, California"
234,42,0,46,"Camarillo, California"
235,41,0,56,"Yuba City, California"
236,41,33,60,"Rancho Cordova, California"
237,60,39,91,"Palo Alto, California"
238,28,0,34,"Yorba Linda, California"
239,39,26,49,"Walnut Creek, California"
240,57,0,43,"South San Francisco, California"
241,34,0,31,"San Clemente, California"
242,75,59,57,"Florence-Graham, California"
243,34,0,40,"Pittsburg, California"
244,32,0,32,"Laguna Niguel, California"
245,58,0,60,"Pico Rivera, California"
246,65,0,53,"Montebello, California"
247,55,13,53,"Lodi, California"
248,44,0,56,"Carmichael, California"
249,44,0,46,"Madera, California"
250,39,26,31,"Castro Valley, California"
251,63,0,39,"Monterey Park, California"
252,62,0,47,"La Habra, California"
253,62,37,84,"Santa Cruz, California"
254,41,0,36,"Encinitas, California"
255,40,0,57,"Tulare, California"
256,75,46,57,"Gardena, California"
257,66,47,48,"National City, California"
258,48,35,66,"Cupertino, California"
259,82,53,60,"Huntington Park, California"
260,47,30,56,"Petaluma, California"
261,51,37,46,"San Rafael, California"
262,53,0,48,"South Whittier, California"
263,59,42,36,"La Mesa, California"
264,32,0,51,"Rocklin, California"
265,54,0,47,"Arcadia, California"
266,29,0,18,"Diamond Bar, California"
267,48,28,67,"Woodland, California"
268,55,34,66,"Fountain Valley, California"
269,40,0,47,"Porterville, California"
270,63,0,57,"Paramount, California"
271,34,0,30,"Hacienda Heights, California"
272,35,21,47,"Hanford, California"
273,64,40,52,"Rosemead, California"
274,24,0,34,"Eastvale, California"
275,33,0,31,"Santee, California"
276,33,28,36,"Highland, California"
277,34,0,40,"Delano, California"
278,41,29,45,"Colton, California"
279,33,30,37,"Novato, California"
280,21,0,24,"Lake Elsinore, California"
281,35,0,50,"Brentwood, California"
282,24,0,27,"Yucaipa, California"
283,36,0,43,"Cathedral City, California"
284,65,32,71,"Watsonville, California"
285,50,31,47,"Placentia, California"
286,45,31,42,"Glendora, California"
287,53,0,57,"Cerritos, California"
288,43,0,34,"Rowland Heights, California"
289,42,0,63,"Gilroy, California"
290,33,24,62,"West Sacramento, California"
291,47,0,52,"La Mirada, California"
292,27,0,40,"Palm Desert, California"
293,33,0,34,"Rancho Santa Margarita, California"
294,36,0,36,"Aliso Viejo, California"
295,29,0,31,"Poway, California"
296,52,32,63,"Cypress, California"
297,57,35,49,"Covina, California"
298,42,0,46,"Florin, California"
299,56,41,50,"Azusa, California"
300,37,0,56,"Dublin, California"
301,33,0,44,"Antelope, California"
302,39,19,45,"Ceres, California"
303,54,30,68,"San Luis Obispo, California"
304,35,29,46,"Palm Springs, California"
305,28,0,42,"San Jacinto, California"
306,22,0,49,"Lincoln, California"
307,50,0,44,"Altadena, California"
308,48,31,57,"North Highlands, California"
309,49,0,49,"El Centro, California"
310,54,31,48,"Newark, California"
311,51,0,65,"Lompoc, California"
312,12,0,18,"El Dorado Hills, California"
313,70,0,62,"Bell Gardens, California"
314,23,0,35,"Danville, California"
315,28,0,21,"Rancho Palos Verdes, California"
316,52,0,36,"San Bruno, California"
317,42,0,56,"Rohnert Park, California"
318,38,0,43,"Coachella, California"
319,57,0,47,"La Puente, California"
320,73,37,51,"San Gabriel, California"
321,54,39,71,"Campbell, California"
322,49,0,47,"Brea, California"
323,75,51,71,"Culver City, California"
324,53,0,49,"Calexico, California"
325,61,39,57,"Stanton, California"
326,30,23,50,"Morgan Hill, California"
327,22,0,34,"La Quinta, California"
328,40,0,26,"Pacifica, California"
329,22,0,31,"Beaumont, California"
330,55,36,54,"Montclair, California"
331,61,33,47,"Monrovia, California"
332,57,0,53,"Willowbrook, California"
333,32,0,40,"Los Banos, California"
334,38,0,39,"Martinez, California"
335,56,40,56,"Temple City, California"
336,77,0,61,"Bell, California"
337,25,0,50,"Oakley, California"
338,72,0,52,"Manhattan Beach, California"
339,42,20,49,"Hollister, California"
340,46,0,50,"Claremont, California"
341,34,0,46,"San Juan Capistrano, California"
342,30,0,32,"Moorpark, California"
343,91,61,57,"West Hollywood, California"
344,30,0,32,"Rubidoux, California"
345,41,32,33,"La Presa, California"
346,75,60,53,"Beverly Hills, California"
347,32,0,41,"Orangevale, California"
348,35,0,33,"San Dimas, California"
349,52,27,43,"Dana Point, California"
350,51,29,60,"Pleasant Hill, California"
351,41,0,56,"Foothill Farms, California"
352,51,0,48,"Seaside, California"
353,81,0,59,"Lawndale, California"
354,44,33,48,"Oildale, California"
355,10,0,22,"Wildomar, California"
356,57,0,79,"Menlo Park, California"
357,60,56,56,"Westmont, California"
358,12,0,31,"Adelanto, California"
359,40,0,39,"La Verne, California"
360,37,23,40,"Fair Oaks, California"
361,44,0,65,"Foster City, California"
362,38,0,26,"Fallbrook, California"
363,40,28,41,"Laguna Hills, California"
364,28,0,45,"Saratoga, California"
365,42,0,71,"Goleta, California"
366,40,0,31,"El Paso de Robles (Paso Robles), California"
367,29,0,32,"Banning, California"
368,43,0,51,"Los Gatos, California"
369,55,0,47,"Santa Paula, California"
370,30,36,29,"Walnut, California"
371,70,44,51,"San Pablo, California"
372,45,30,72,"Los Altos, California"
373,23,0,40,"Orcutt, California"
374,65,0,65,"Burlingame, California"
375,45,0,41,"San Carlos, California"
376,26,0,29,"Atascadero, California"
377,33,28,25,"Spring Valley, California"
378,39,0,43,"Atwater, California"
379,58,0,70,"East Palo Alto, California"
380,33,0,51,"Suisun City, California"
381,54,39,47,"Monterey, California"
382,33,0,50,"Ridgecrest, California"
383,78,43,63,"Maywood, California"
384,64,0,70,"Eureka, California"
385,22,0,29,"Norco, California"
386,29,0,24,"Benicia, California"
387,37,0,48,"Windsor, California"
388,67,37,62,"Imperial Beach, California"
389,20,0,28,"Paradise, California"
390,34,29,33,"Desert Hot Springs, California"
391,46,11,37,"Belmont, California"
392,27,0,40,"Soledad, California"
393,67,46,50,"South Pasadena, California"
394,35,0,40,"Wasco, California"
395,60,0,58,"West Whittier-Los Nietos, California"
396,49,39,35,"Lemon Grove, California"
397,18,0,31,"Twentynine Palms, California"
398,45,0,49,"Brawley, California"
399,23,0,34,"North Tustin, California"
400,14,0,33,"Vineyard, California"
401,23,0,38,"Corcoran, California"
402,40,0,46,"Lemoore, California"
403,49,0,48,"Sanger, California"
404,50,0,54,"Reedley, California"
405,41,33,60,"Seal Beach, California"
406,25,0,26,"Hercules, California"
407,25,16,28,"Lafayette, California"
408,31,0,37,"Bloomington, California"
409,60,45,62,"Cudahy, California"
410,31,0,39,"Galt, California"
411,78,48,58,"San Fernando, California"
412,64,51,60,"El Cerrito, California"
413,56,34,56,"San Lorenzo, California"
414,36,31,42,"Loma Linda, California"
415,46,0,44,"Selma, California"
416,59,0,91,"Isla Vista, California"
417,8,0,25,"French Valley, California"
418,22,0,15,"Calabasas, California"
419,27,0,26,"Ladera Ranch, California"
420,49,0,48,"Valinda, California"
421,74,53,58,"Lennox, California"
422,43,26,24,"Laguna Beach, California"
423,40,32,57,"Rosemont, California"
424,36,0,44,"Riverbank, California"
425,39,29,37,"Barstow, California"
426,53,0,51,"West Puente Valley, California"
427,9,0,12,"Temescal Valley, California"
428,28,0,35,"Mira Loma, California"
429,63,52,52,"Ashland, California"
430,58,26,60,"Port Hueneme, California"
431,57,0,53,"West Carson, California"
432,52,0,41,"Millbrae, California"
433,54,0,50,"Dinuba, California"
434,40,0,65,"South Lake Tahoe, California"
435,35,0,49,"Bay Point, California"
436,45,0,48,"Duarte, California"
437,22,0,18,"Rancho San Diego, California"
438,22,0,37,"Blythe, California"
439,19,0,30,"Yucca Valley, California"
440,50,16,53,"Oakdale, California"
441,24,0,29,"Lakeside, California"
442,30,0,19,"Winter Gardens, California"
443,37,39,40,"South San Jose Hills, California"
444,41,0,41,"Patterson, California"
445,12,0,32,"Granite Bay, California"
446,34,0,26,"Agoura Hills, California"
447,31,0,34,"Ramona, California"
448,73,38,59,"Lomita, California"
449,33,0,25,"La Cañada Flintridge, California"
450,26,0,33,"Glen Avon, California"
451,62,0,56,"South El Monte, California"
452,44,0,57,"Marina, California"
453,53,0,29,"La Crescenta-Montrose, California"
454,87,0,70,"Hermosa Beach, California"
455,30,0,49,"American Canyon, California"
456,35,0,39,"Arvin, California"
457,23,0,16,"Castaic, California"
458,51,33,72,"Coronado, California"
459,26,0,19,"Casa de Oro-Mount Helix, California"
460,23,0,42,"Chowchilla, California"
461,82,55,90,"Albany, California"
462,6,0,27,"Mead Valley, California"
463,41,0,30,"Pinole, California"
464,43,0,44,"Dixon, California"
465,19,0,22,"Cameron Park, California"
466,18,0,33,"Rosamond, California"
467,27,0,41,"Lathrop, California"
468,25,0,33,"Susanville, California"
469,24,0,48,"Linda, California"
470,9,0,18,"Orinda, California"
471,5,0,11,"Prunedale, California"
472,19,0,20,"Stevenson Ranch, California"
473,21,0,38,"East Hemet, California"
474,41,0,41,"Arroyo Grande, California"
475,47,0,64,"Arcata, California"
476,16,0,34,"Rancho Mirage, California"
477,53,29,80,"Live Oak, California"
478,43,0,46,"Shafter, California"
479,24,0,31,"Nipomo, California"
480,65,0,49,"El Segundo, California"
481,78,38,60,"Artesia, California"
482,61,47,73,"Denver, Colorado"
483,35,19,45,"Colorado Springs, Colorado"
484,43,38,55,"Aurora, Colorado"
485,37,29,78,"Fort Collins, Colorado"
486,42,38,58,"Lakewood, Colorado"
487,31,24,50,"Thornton, Colorado"
488,35,0,50,"Pueblo, Colorado"
489,34,29,52,"Arvada, Colorado"
490,35,33,53,"Westminster, Colorado"
491,36,25,47,"Centennial, Colorado"
492,57,49,86,"Boulder, Colorado"
493,27,0,50,"Highlands Ranch, Colorado"
494,36,0,49,"Greeley, Colorado"
495,39,29,59,"Longmont, Colorado"
496,26,0,48,"Loveland, Colorado"
497,33,0,57,"Grand Junction, Colorado"
498,32,18,59,"Broomfield, Colorado"
499,12,0,40,"Castle Rock, Colorado"
500,30,24,45,"Commerce City, Colorado"
501,22,0,46,"Parker, Colorado"
502,39,35,46,"Littleton, Colorado"
503,46,32,57,"Northglenn, Colorado"
504,36,20,50,"Brighton, Colorado"
505,19,0,34,"Security-Widefield, Colorado"
506,36,18,54,"Ken Caryl, Colorado"
507,24,21,44,"Dakota Ridge, Colorado"
508,62,44,62,"Englewood, Colorado"
509,44,37,62,"Wheat Ridge, Colorado"
510,7,0,36,"Pueblo West, Colorado"
511,18,0,30,"Fountain, Colorado"
512,41,36,52,"Lafayette, Colorado"
513,29,13,49,"Columbine, Colorado"
514,14,19,38,"Clifton, Colorado"
515,29,0,43,"Montrose, Colorado"
516,41,0,56,"Golden, Colorado"
517,24,0,40,"Windsor, Colorado"
518,29,0,39,"Evans, Colorado"
519,40,32,70,"Louisville, Colorado"
520,40,33,39,"Sherrelwood, Colorado"
521,11,0,44,"Erie, Colorado"
522,38,0,51,"Durango, Colorado"
523,67,40,52,"Bridgeport, Connecticut"
524,68,48,68,"New Haven, Connecticut"
525,71,54,57,"Hartford, Connecticut"
526,54,46,46,"Stamford, Connecticut"
527,48,34,29,"Waterbury, Connecticut"
528,48,36,42,"Norwalk, Connecticut"
529,39,0,28,"Danbury, Connecticut"
530,48,38,47,"New Britain, Connecticut"
531,42,0,44,"West Hartford, Connecticut"
532,40,23,33,"Meriden, Connecticut"
533,33,0,30,"Bristol, Connecticut"
534,48,0,41,"West Haven, Connecticut"
535,40,0,41,"Stratford, Connecticut"
536,31,0,37,"Milford, Connecticut"
537,32,0,42,"East Hartford, Connecticut"
538,30,0,28,"Middletown, Connecticut"
539,34,0,25,"Norwich, Connecticut"
540,18,1,19,"Shelton, Connecticut"
541,35,0,29,"Torrington, Connecticut"
542,15,0,24,"Trumbull, Connecticut"
543,30,0,21,"Naugatuck, Connecticut"
544,54,34,44,"Manchester, Connecticut"
545,28,0,33,"Newington, Connecticut"
546,33,0,33,"East Haven, Connecticut"
547,53,0,43,"New London, Connecticut"
548,31,0,39,"Wethersfield, Connecticut"
549,21,0,30,"Westport, Connecticut"
550,18,0,29,"North Haven, Connecticut"
551,28,37,34,"Darien, Connecticut"
552,39,0,27,"Ansonia, Connecticut"
553,45,0,38,"Wallingford Center, Connecticut"
554,53,0,46,"Willimantic, Connecticut"
555,75,50,53,"Wilmington, Delaware"
556,34,29,48,"Dover, Delaware"
557,40,27,60,"Newark, Delaware"
558,27,0,37,"Bear, Delaware"
559,29,0,42,"Middletown, Delaware"
560,76,71,69,"Washington D.C., District of Columbia"
561,26,23,43,"Jacksonville, Florida"
562,78,57,65,"Miami, Florida"
563,49,34,57,"Tampa, Florida"
564,44,35,61,"St. Petersburg, Florida"
565,41,33,60,"Orlando, Florida"
566,69,39,58,"Hialeah, Florida"
567,32,31,47,"Tallahassee, Florida"
568,57,39,57,"Fort Lauderdale, Florida"
569,13,0,37,"Port St. Lucie, Florida"
570,32,24,43,"Pembroke Pines, Florida"
571,17,0,39,"Cape Coral, Florida"
572,54,34,54,"Hollywood, Florida"
573,36,0,68,"Gainesville, Florida"
574,28,24,43,"Miramar, Florida"
575,37,29,46,"Coral Springs, Florida"
576,43,29,57,"Clearwater, Florida"
577,40,42,46,"Miami Gardens, Florida"
578,23,0,42,"Brandon, Florida"
579,13,0,39,"Palm Bay, Florida"
580,43,0,52,"West Palm Beach, Florida"
581,44,34,54,"Pompano Beach, Florida"
582,16,0,36,"Spring Hill, Florida"
583,37,0,52,"Lakeland, Florida"
584,27,16,45,"Davie, Florida"
585,75,51,70,"Miami Beach, Florida"
586,7,0,32,"Lehigh Acres, Florida"
587,15,0,32,"Deltona, Florida"
588,29,34,44,"Plantation, Florida"
589,37,33,46,"Sunrise, Florida"
590,38,0,57,"Boca Raton, Florida"
591,33,27,47,"Town 'n' Country, Florida"
592,17,0,43,"Alafaya, Florida"
593,43,31,53,"Largo, Florida"
594,34,20,47,"Melbourne, Florida"
595,44,35,49,"Kendall, Florida"
596,6,0,35,"Palm Coast, Florida"
597,39,27,51,"Deerfield Beach, Florida"
598,14,0,38,"Riverview, Florida"
599,35,0,46,"Boynton Beach, Florida"
600,41,36,49,"Lauderhill, Florida"
601,17,0,41,"Weston, Florida"
602,36,0,51,"Fort Myers, Florida"
603,37,29,52,"Daytona Beach, Florida"
604,37,0,50,"Delray Beach, Florida"
605,34,25,47,"Homestead, Florida"
606,31,30,53,"Tamarac, Florida"
607,28,31,40,"Pine Hills, Florida"
608,49,43,53,"Fountainebleau, Florida"
609,30,27,50,"Kissimmee, Florida"
610,63,43,54,"North Miami, Florida"
611,29,20,48,"Palm Harbor, Florida"
612,6,12,33,"North Port, Florida"
613,20,12,37,"Wellington, Florida"
614,28,19,44,"Ocala, Florida"
615,45,34,53,"Kendale Lakes, Florida"
616,21,0,40,"Port Orange, Florida"
617,39,32,45,"Tamiami, Florida"
618,27,0,47,"Jupiter, Florida"
619,17,0,39,"Port Charlotte, Florida"
620,26,20,42,"Sanford, Florida"
621,38,33,48,"Margate, Florida"
622,3,0,29,"Poinciana, Florida"
623,25,30,43,"Coconut Creek, Florida"
624,35,0,50,"Pensacola, Florida"
625,53,35,59,"Sarasota, Florida"
626,8,0,49,"The Villages, Florida"
627,44,35,47,"The Hammocks, Florida"
628,41,27,45,"Bradenton, Florida"
629,39,31,52,"Pinellas Park, Florida"
630,20,0,38,"Palm Beach Gardens, Florida"
631,42,39,44,"Country Club, Florida"
632,57,38,58,"Coral Gables, Florida"
633,39,35,55,"Doral, Florida"
634,9,0,35,"Wesley Chapel, Florida"
635,19,0,45,"Bonita Springs, Florida"
636,25,0,43,"Titusville, Florida"
637,38,0,52,"Fort Pierce, Florida"
638,18,18,38,"Apopka, Florida"
639,64,49,61,"North Miami Beach, Florida"
640,35,25,46,"Altamonte Springs, Florida"
641,54,37,58,"Oakland Park, Florida"
642,48,41,64,"University, Florida"
643,41,28,48,"North Lauderdale, Florida"
644,27,26,49,"Cutler Bay, Florida"
645,15,0,37,"North Fort Myers, Florida"
646,4,0,30,"The Acreage, Florida"
647,21,0,43,"Ormond Beach, Florida"
648,34,0,44,"Greenacres, Florida"
649,56,37,62,"Hallandale Beach, Florida"
650,34,0,47,"Panama City, Florida"
651,51,36,48,"Kendall West, Florida"
652,45,45,58,"Aventura, Florida"
653,41,35,51,"South Miami Heights, Florida"
654,21,0,39,"Ocoee, Florida"
655,11,0,33,"Valrico, Florida"
656,42,25,55,"Dunedin, Florida"
657,46,29,49,"Egypt Lake-Leto, Florida"
658,27,0,46,"St. Cloud, Florida"
659,58,0,65,"Lake Worth, Florida"
660,23,0,37,"Merritt Island, Florida"
661,31,0,42,"Plant City, Florida"
662,53,46,51,"West Little River, Florida"
663,29,0,43,"Winter Garden, Florida"
664,21,0,38,"Royal Palm Beach, Florida"
665,26,0,43,"Winter Haven, Florida"
666,29,23,47,"Carrollwood, Florida"
667,16,0,37,"Oviedo, Florida"
668,17,0,38,"Winter Springs, Florida"
669,50,43,48,"Golden Glades, Florida"
670,43,39,44,"Lauderdale Lakes, Florida"
671,35,0,52,"Riviera Beach, Florida"
672,12,0,35,"Land O' Lakes, Florida"
673,25,24,45,"Richmond West, Florida"
674,13,0,37,"Navarre, Florida"
675,26,21,53,"University - Central, Florida"
676,10,0,38,"East Lake, Florida"
677,20,0,40,"Lakeside, Florida"
678,62,38,55,"Westchester, Florida"
679,52,35,61,"Dania Beach, Florida"
680,8,0,32,"Fruit Cove, Florida"
681,36,28,40,"Miami Lakes, Florida"
682,23,0,45,"Ferry Pass, Florida"
683,23,0,34,"Clermont, Florida"
684,26,15,41,"Cooper City, Florida"
685,26,21,40,"Lake Magdalene, Florida"
686,44,28,53,"Winter Park, Florida"
687,11,0,36,"Fleming Island, Florida"
688,35,0,51,"DeLand, Florida"
689,57,39,58,"University Park, Florida"
690,34,22,49,"Casselberry, Florida"
691,12,0,32,"Four Corners, Florida"
692,17,23,32,"Buenaventura Lakes, Florida"
693,13,22,33,"Meadow Woods, Florida"
694,20,22,37,"Rockledge, Florida"
695,63,0,86,"Key West, Florida"
696,37,32,48,"Temple Terrace, Florida"
697,60,36,52,"Coral Terrace, Florida"
698,20,14,45,"Citrus Park, Florida"
699,26,0,44,"Immokalee, Florida"
700,7,0,33,"Keystone, Florida"
701,13,0,36,"Parkland, Florida"
702,34,0,49,"Golden Gate, Florida"
703,30,18,45,"Tarpon Springs, Florida"
704,25,0,43,"Bayonet Point, Florida"
705,30,27,44,"Palmetto Bay, Florida"
706,15,0,36,"Bellview, Florida"
707,37,0,45,"Wright, Florida"
708,13,0,37,"Palm City, Florida"
709,20,0,38,"Vero Beach South, Florida"
710,49,32,47,"The Crossings, Florida"
711,26,28,45,"East Lake-Orient Park, Florida"
712,17,0,37,"Bloomingdale, Florida"
713,40,39,55,"Oak Ridge, Florida"
714,41,32,46,"Leisure City, Florida"
715,13,0,41,"Estero, Florida"
716,23,0,46,"New Smyrna Beach, Florida"
717,25,0,41,"Holiday, Florida"
718,43,31,46,"South Bradenton, Florida"
719,14,0,40,"Northdale, Florida"
720,29,29,38,"Princeton, Florida"
721,17,0,36,"Wekiwa Springs, Florida"
722,14,0,32,"Sebastian, Florida"
723,23,0,42,"Brent, Florida"
724,22,0,44,"Westchase, Florida"
725,52,26,46,"Hialeah Gardens, Florida"
726,51,0,55,"Jacksonville Beach, Florida"
727,35,0,49,"West Pensacola, Florida"
728,28,24,45,"Palm River-Clair Mel, Florida"
729,17,0,29,"Crestview, Florida"
730,59,45,59,"Sunny Isles Beach, Florida"
731,15,0,43,"Edgewater, Florida"
732,33,19,55,"Venice, Florida"
733,16,0,38,"Ensley, Florida"
734,26,0,38,"Haines City, Florida"
735,6,0,30,"Oakleaf Plantation, Florida"
736,27,0,43,"Leesburg, Florida"
737,13,0,35,"Pace, Florida"
738,16,0,40,"Palm Valley, Florida"
739,47,32,55,"Lealman, Florida"
740,36,0,47,"Naples, Florida"
741,42,31,44,"Ives Estates, Florida"
742,39,0,47,"Fort Walton Beach, Florida"
743,9,0,33,"Lutz, Florida"
744,15,0,38,"DeBary, Florida"
745,10,0,36,"Sun City Center, Florida"
746,41,0,48,"Jasmine Estates, Florida"
747,44,31,46,"Palm Springs, Florida"
748,28,0,37,"Eustis, Florida"
749,25,0,41,"Lynn Haven, Florida"
750,22,0,43,"West Melbourne, Florida"
751,29,33,47,"Pinecrest, Florida"
752,10,0,33,"Florida Ridge, Florida"
753,40,45,46,"Ojus, Florida"
754,38,0,43,"Belle Glade, Florida"
755,28,0,45,"Bartow, Florida"
756,38,29,53,"Seminole, Florida"
757,13,0,37,"Ruskin, Florida"
758,35,26,46,"Cocoa, Florida"
759,45,39,52,"Glenvar Heights, Florida"
760,22,19,44,"Safety Harbor, Florida"
761,14,0,37,"San Carlos Park, Florida"
762,15,0,42,"Punta Gorda, Florida"
763,48,47,45,"Atlanta, Georgia"
764,22,0,33,"Augusta-Richmond County, Georgia"
765,26,0,31,"Columbus, Georgia"
766,43,0,53,"Savannah, Georgia"
767,27,0,34,"Athens-Clarke County, Georgia"
768,27,27,20,"Sandy Springs, Georgia"
769,31,0,32,"Macon, Georgia"
770,22,14,22,"Roswell, Georgia"
771,25,0,40,"Albany, Georgia"
772,18,0,21,"Johns Creek, Georgia"
773,22,0,37,"Warner Robins, Georgia"
774,21,16,26,"Alpharetta, Georgia"
775,35,20,30,"Marietta, Georgia"
776,30,0,47,"Valdosta, Georgia"
777,34,21,28,"Smyrna, Georgia"
778,32,27,28,"Dunwoody, Georgia"
779,46,37,29,"North Atlanta, Georgia"
780,15,16,19,"Mableton, Georgia"
781,27,0,38,"Rome, Georgia"
782,20,0,27,"Martinez, Georgia"
783,19,0,26,"Peachtree City, Georgia"
784,31,0,23,"Gainesville, Georgia"
785,31,43,28,"East Point, Georgia"
786,18,0,37,"Hinesville, Georgia"
787,31,0,34,"Dalton, Georgia"
788,25,0,27,"Newnan, Georgia"
789,17,29,24,"Redan, Georgia"
790,12,10,20,"Milton, Georgia"
791,18,0,20,"Douglasville, Georgia"
792,25,0,25,"Kennesaw, Georgia"
793,26,0,28,"LaGrange, Georgia"
794,9,0,19,"Evans, Georgia"
795,29,16,30,"Lawrenceville, Georgia"
796,31,0,49,"Statesboro, Georgia"
797,22,31,25,"Tucker, Georgia"
798,30,0,24,"Duluth, Georgia"
799,21,0,24,"Stockbridge, Georgia"
800,24,0,38,"Carrollton, Georgia"
801,21,0,22,"Woodstock, Georgia"
802,32,0,36,"Griffin, Georgia"
803,26,39,23,"Candler-McAfee, Georgia"
804,22,0,14,"Canton, Georgia"
805,21,0,30,"McDonough, Georgia"
806,24,0,32,"Acworth, Georgia"
807,27,0,29,"Cartersville, Georgia"
808,10,22,20,"Union City, Georgia"
809,60,49,69,"Decatur, Georgia"
810,12,0,33,"Pooler, Georgia"
811,43,35,28,"North Druid Hills, Georgia"
812,9,0,13,"Sugar Hill, Georgia"
813,35,28,39,"Forest Park, Georgia"
814,29,0,44,"Thomasville, Georgia"
815,17,0,26,"Snellville, Georgia"
816,25,0,30,"Milledgeville, Georgia"
817,11,0,36,"St. Marys, Georgia"
818,25,0,36,"Americus, Georgia"
819,43,34,41,"North Decatur, Georgia"
820,65,57,51,"Honolulu, Hawaii"
821,20,34,22,"East Honolulu, Hawaii"
822,26,37,23,"Pearl City, Hawaii"
823,23,0,31,"Hilo, Hawaii"
824,39,32,43,"Kailua, Hawaii"
825,48,53,42,"Waipahu, Hawaii"
826,36,33,29,"Kaneohe, Hawaii"
827,33,38,32,"Mililani Town, Hawaii"
828,29,0,40,"Kahului, Hawaii"
829,34,39,43,"Ewa Gentry, Hawaii"
830,17,29,18,"Mililani Mauka, Hawaii"
831,42,0,47,"Kihei, Hawaii"
832,12,33,7,"Makakilo, Hawaii"
833,40,36,34,"Wahiawa, Hawaii"
834,39,23,62,"Boise City, Idaho"
835,30,0,46,"Nampa, Idaho"
836,26,0,41,"Meridian, Idaho"
837,40,0,51,"Idaho Falls, Idaho"
838,38,0,42,"Pocatello, Idaho"
839,26,0,39,"Caldwell, Idaho"
840,36,0,50,"Coeur d'Alene, Idaho"
841,38,0,55,"Twin Falls, Idaho"
842,35,0,41,"Lewiston, Idaho"
843,22,0,41,"Post Falls, Idaho"
844,44,0,56,"Rexburg, Idaho"
845,47,0,55,"Moscow, Idaho"
846,18,0,38,"Eagle, Idaho"
847,77,65,73,"Chicago, Illinois"
848,40,22,54,"Aurora, Illinois"
849,42,0,46,"Rockford, Illinois"
850,35,17,46,"Joliet, Illinois"
851,34,21,47,"Naperville, Illinois"
852,35,0,48,"Springfield, Illinois"
853,39,0,44,"Peoria, Illinois"
854,42,29,53,"Elgin, Illinois"
855,49,30,45,"Waukegan, Illinois"
856,73,52,57,"Cicero, Illinois"
857,50,47,65,"Champaign, Illinois"
858,35,27,49,"Bloomington, Illinois"
859,32,0,43,"Decatur, Illinois"
860,46,0,60,"Arlington Heights, Illinois"
861,74,50,88,"Evanston, Illinois"
862,42,0,67,"Schaumburg, Illinois"
863,33,0,48,"Bolingbrook, Illinois"
864,39,0,53,"Palatine, Illinois"
865,66,42,70,"Skokie, Illinois"
866,53,36,57,"Des Plaines, Illinois"
867,28,0,44,"Orland Park, Illinois"
868,33,0,44,"Tinley Park, Illinois"
869,57,35,51,"Oak Lawn, Illinois"
870,73,45,58,"Berwyn, Illinois"
871,51,28,61,"Mount Prospect, Illinois"
872,40,24,53,"Wheaton, Illinois"
873,38,37,50,"Normal, Illinois"
874,34,0,56,"Hoffman Estates, Illinois"
875,78,62,66,"Oak Park, Illinois"
876,44,27,50,"Downers Grove, Illinois"
877,37,31,44,"Glenview, Illinois"
878,38,30,45,"Belleville, Illinois"
879,48,25,53,"Elmhurst, Illinois"
880,37,0,60,"DeKalb, Illinois"
881,43,37,43,"Moline, Illinois"
882,44,21,53,"Lombard, Illinois"
883,39,0,56,"Buffalo Grove, Illinois"
884,51,52,70,"Urbana, Illinois"
885,21,0,50,"Bartlett, Illinois"
886,29,0,46,"Crystal Lake, Illinois"
887,42,0,46,"Quincy, Illinois"
888,34,0,49,"Streamwood, Illinois"
889,35,0,53,"Carol Stream, Illinois"
890,24,0,41,"Romeoville, Illinois"
891,20,4,46,"Plainfield, Illinois"
892,45,0,47,"Rock Island, Illinois"
893,44,0,57,"Hanover Park, Illinois"
894,30,0,41,"Carpentersville, Illinois"
895,42,23,50,"Wheeling, Illinois"
896,53,40,55,"Park Ridge, Illinois"
897,55,30,52,"Calumet City, Illinois"
898,46,0,52,"Addison, Illinois"
899,38,0,47,"Glendale Heights, Illinois"
900,39,0,46,"Pekin, Illinois"
901,35,21,46,"Northbrook, Illinois"
902,40,0,53,"Elk Grove Village, Illinois"
903,32,0,42,"Danville, Illinois"
904,36,0,51,"St. Charles, Illinois"
905,31,0,53,"Woodridge, Illinois"
906,38,28,46,"North Chicago, Illinois"
907,37,0,47,"Galesburg, Illinois"
908,22,21,37,"Gurnee, Illinois"
909,37,0,51,"Mundelein, Illinois"
910,23,0,51,"Oswego, Illinois"
911,49,33,55,"Chicago Heights, Illinois"
912,25,0,50,"Algonquin, Illinois"
913,33,0,47,"Granite City, Illinois"
914,62,42,57,"Niles, Illinois"
915,41,29,53,"Highland Park, Illinois"
916,20,0,49,"Lake in the Hills, Illinois"
917,58,35,50,"Burbank, Illinois"
918,47,16,53,"Lansing, Illinois"
919,23,0,36,"O'Fallon, Illinois"
920,39,0,45,"Round Lake Beach, Illinois"
921,35,21,40,"Oak Forest, Illinois"
922,39,0,30,"Alton, Illinois"
923,51,0,47,"Kankakee, Illinois"
924,50,26,52,"Glen Ellyn, Illinois"
925,56,35,57,"Wilmette, Illinois"
926,37,0,49,"West Chicago, Illinois"
927,34,42,45,"East St. Louis, Illinois"
928,27,0,43,"McHenry, Illinois"
929,30,0,53,"Batavia, Illinois"
930,41,0,53,"Carbondale, Illinois"
931,41,0,47,"Freeport, Illinois"
932,35,0,46,"Belvidere, Illinois"
933,30,0,26,"Collinsville, Illinois"
934,68,38,54,"Melrose Park, Illinois"
935,52,44,49,"Harvey, Illinois"
936,26,0,47,"Vernon Hills, Illinois"
937,69,52,56,"Elmwood Park, Illinois"
938,24,0,37,"Lockport, Illinois"
939,30,0,41,"Woodstock, Illinois"
940,51,25,49,"Westmont, Illinois"
941,38,0,48,"Zion, Illinois"
942,23,0,44,"New Lenox, Illinois"
943,30,0,46,"Edwardsville, Illinois"
944,13,0,45,"Huntley, Illinois"
945,14,0,36,"Homer Glen, Illinois"
946,43,0,60,"Rolling Meadows, Illinois"
947,62,40,57,"Maywood, Illinois"
948,30,0,43,"Loves Park, Illinois"
949,62,45,48,"Blue Island, Illinois"
950,21,0,44,"Machesney Park, Illinois"
951,15,0,25,"East Peoria, Illinois"
952,57,37,57,"Morton Grove, Illinois"
953,50,29,45,"Dolton, Illinois"
954,34,16,59,"Roselle, Illinois"
955,36,24,43,"Lisle, Illinois"
956,34,0,47,"Darien, Illinois"
957,43,31,42,"South Holland, Illinois"
958,41,0,59,"Bloomingdale, Illinois"
959,29,0,51,"South Elgin, Illinois"
960,33,27,47,"Park Forest, Illinois"
961,50,17,51,"Villa Park, Illinois"
962,39,0,50,"Charleston, Illinois"
963,37,0,57,"Geneva, Illinois"
964,35,0,41,"East Moline, Illinois"
965,26,22,45,"Grayslake, Illinois"
966,25,0,44,"Crest Hill, Illinois"
967,37,0,52,"Libertyville, Illinois"
968,62,46,55,"Evergreen Park, Illinois"
969,32,0,41,"Lake Zurich, Illinois"
970,34,0,46,"Jacksonville, Illinois"
971,19,0,42,"Lake Forest, Illinois"
972,43,36,43,"Homewood, Illinois"
973,37,0,43,"Macomb, Illinois"
974,44,27,50,"Alsip, Illinois"
975,60,37,58,"Bellwood, Illinois"
976,21,0,43,"Matteson, Illinois"
977,59,32,57,"Brookfield, Illinois"
978,40,0,45,"Ottawa, Illinois"
979,21,0,39,"Mokena, Illinois"
980,38,0,43,"Bourbonnais, Illinois"
981,36,0,51,"Mattoon, Illinois"
982,15,0,53,"Montgomery, Illinois"
983,46,25,50,"Bensenville, Illinois"
984,60,35,48,"Franklin Park, Illinois"
985,18,0,40,"Round Lake, Illinois"
986,24,7,47,"Cary, Illinois"
987,37,26,43,"Deerfield, Illinois"
988,11,0,25,"Godfrey, Illinois"
989,19,0,46,"Frankfort, Illinois"
990,27,0,47,"Sycamore, Illinois"
991,37,33,43,"Palos Hills, Illinois"
992,37,0,44,"Marion, Illinois"
993,25,26,30,"Fairview Heights, Illinois"
994,18,0,42,"Yorkville, Illinois"
995,43,26,42,"Hinsdale, Illinois"
996,19,0,44,"North Aurora, Illinois"
997,41,31,47,"Westchester, Illinois"
998,31,0,39,"Country Club Hills, Illinois"
999,31,23,45,"Indianapolis, Indiana"
1000,30,22,47,"Fort Wayne, Indiana"
1001,42,0,47,"Evansville, Indiana"
1002,43,0,60,"South Bend, Indiana"
1003,52,0,57,"Hammond, Indiana"
1004,43,28,57,"Bloomington, Indiana"
1005,34,0,45,"Gary, Indiana"
1006,17,0,55,"Carmel, Indiana"
1007,18,0,53,"Fishers, Indiana"
1008,37,0,55,"Muncie, Indiana"
1009,36,32,45,"Lafayette, Indiana"
1010,37,19,52,"Terre Haute, Indiana"
1011,31,0,43,"Anderson, Indiana"
1012,15,0,45,"Noblesville, Indiana"
1013,37,0,49,"Elkhart, Indiana"
1014,23,0,43,"Greenwood, Indiana"
1015,41,0,50,"Mishawaka, Indiana"
1016,24,10,40,"Lawrence, Indiana"
1017,38,0,51,"Kokomo, Indiana"
1018,23,0,37,"Jeffersonville, Indiana"
1019,25,0,49,"Columbus, Indiana"
1020,17,0,43,"Portage, Indiana"
1021,39,0,50,"Richmond, Indiana"
1022,36,0,41,"New Albany, Indiana"
1023,24,0,42,"Merrillville, Indiana"
1024,40,0,47,"Valparaiso, Indiana"
1025,31,0,51,"Goshen, Indiana"
1026,39,0,45,"Michigan City, Indiana"
1027,8,0,32,"Granger, Indiana"
1028,15,0,52,"Westfield, Indiana"
1029,38,0,49,"Marion, Indiana"
1030,59,0,57,"East Chicago, Indiana"
1031,49,45,62,"West Lafayette, Indiana"
1032,21,0,42,"Schererville, Indiana"
1033,23,0,42,"Hobart, Indiana"
1034,20,1,49,"Plainfield, Indiana"
1035,28,0,42,"Crown Point, Indiana"
1036,44,2,59,"Highland, Indiana"
1037,26,0,44,"Franklin, Indiana"
1038,36,0,54,"Munster, Indiana"
1039,41,0,52,"La Porte, Indiana"
1040,30,0,46,"Clarksville, Indiana"
1041,21,0,38,"Brownsburg, Indiana"
1042,30,0,44,"Greenfield, Indiana"
1043,37,0,46,"Shelbyville, Indiana"
1044,44,0,47,"Vincennes, Indiana"
1045,51,0,48,"Logansport, Indiana"
1046,37,0,43,"New Castle, Indiana"
1047,39,0,48,"Seymour, Indiana"
1048,41,0,43,"Huntington, Indiana"
1049,40,0,50,"Griffith, Indiana"
1050,45,30,42,"Des Moines , Iowa"
1051,34,20,41,"Cedar Rapids, Iowa"
1052,41,0,43,"Davenport, Iowa"
1053,41,24,36,"Sioux City, Iowa"
1054,37,0,48,"Waterloo, Iowa"
1055,44,0,64,"Iowa City, Iowa"
1056,35,0,45,"Council Bluffs, Iowa"
1057,43,0,68,"Ames, Iowa"
1058,40,25,34,"Dubuque, Iowa"
1059,32,0,37,"West Des Moines, Iowa"
1060,32,0,40,"Ankeny, Iowa"
1061,31,0,40,"Urbandale, Iowa"
1062,38,20,57,"Cedar Falls, Iowa"
1063,29,0,41,"Marion, Iowa"
1064,31,0,42,"Bettendorf, Iowa"
1065,38,20,54,"Mason City, Iowa"
1066,44,16,49,"Marshalltown, Iowa"
1067,39,22,42,"Clinton, Iowa"
1068,38,13,41,"Burlington, Iowa"
1069,34,19,46,"Fort Dodge, Iowa"
1070,35,0,37,"Ottumwa, Iowa"
1071,38,22,41,"Muscatine, Iowa"
1072,32,21,47,"Coralville, Iowa"
1073,19,0,32,"Johnston, Iowa"
1074,35,20,48,"Wichita, Kansas"
1075,35,16,48,"Overland Park, Kansas"
1076,33,22,28,"Kansas City, Kansas"
1077,36,24,56,"Topeka, Kansas"
1078,27,11,50,"Olathe, Kansas"
1079,39,35,59,"Lawrence, Kansas"
1080,24,0,33,"Shawnee, Kansas"
1081,39,0,54,"Manhattan, Kansas"
1082,33,0,44,"Lenexa, Kansas"
1083,38,0,47,"Salina, Kansas"
1084,33,0,45,"Hutchinson, Kansas"
1085,29,0,35,"Leavenworth, Kansas"
1086,20,0,34,"Leawood, Kansas"
1087,37,0,43,"Dodge City, Kansas"
1088,41,0,53,"Garden City, Kansas"
1089,45,0,48,"Emporia, Kansas"
1090,33,0,35,"Junction City, Kansas"
1091,31,0,39,"Derby, Kansas"
1092,41,0,39,"Prairie Village, Kansas"
1093,44,0,47,"Liberal, Kansas"
1094,42,0,48,"Hays, Kansas"
1095,36,0,52,"Pittsburg, Kansas"
1096,34,0,49,"Newton, Kansas"
1097,23,0,39,"Gardner, Kansas"
1098,34,28,43,"Louisville-Jefferson, Kentucky"
1099,34,24,46,"Lexington-Fayette, Kentucky"
1100,39,0,42,"Bowling Green, Kentucky"
1101,36,0,50,"Owensboro, Kentucky"
1102,45,33,40,"Covington, Kentucky"
1103,25,0,37,"Hopkinsville, Kentucky"
1104,32,0,32,"Richmond, Kentucky"
1105,33,21,34,"Florence, Kentucky"
1106,23,0,30,"Georgetown, Kentucky"
1107,28,0,42,"Henderson, Kentucky"
1108,27,0,32,"Elizabethtown, Kentucky"
1109,29,0,34,"Nicholasville, Kentucky"
1110,30,22,39,"Jeffersontown, Kentucky"
1111,30,0,25,"Frankfort, Kentucky"
1112,33,0,44,"Paducah, Kentucky"
1113,10,10,13,"Independence, Kentucky"
1114,19,0,29,"Radcliff, Kentucky"
1115,31,0,28,"Ashland, Kentucky"
1116,19,0,33,"Madisonville, Kentucky"
1117,37,0,33,"Winchester, Kentucky"
1118,22,16,23,"Erlanger, Kentucky"
1119,33,0,43,"Murray, Kentucky"
1120,48,36,49,"St. Matthews, Kentucky"
1121,59,44,66,"New Orleans, Louisiana"
1122,41,0,47,"Baton Rouge, Louisiana"
1123,31,0,41,"Shreveport, Louisiana"
1124,54,0,50,"Metairie, Louisiana"
1125,42,0,49,"Lafayette, Louisiana"
1126,37,0,47,"Lake Charles, Louisiana"
1127,45,0,47,"Kenner, Louisiana"
1128,28,0,42,"Bossier City, Louisiana"
1129,34,0,45,"Monroe, Louisiana"
1130,33,0,45,"Alexandria, Louisiana"
1131,42,0,47,"Houma, Louisiana"
1132,46,0,47,"Marrero, Louisiana"
1133,42,0,52,"New Iberia, Louisiana"
1134,23,0,39,"Laplace, Louisiana"
1135,37,0,47,"Slidell, Louisiana"
1136,12,0,32,"Prairieville, Louisiana"
1137,7,0,31,"Central, Louisiana"
1138,52,0,47,"Terrytown, Louisiana"
1139,24,0,34,"Ruston, Louisiana"
1140,30,0,43,"Sulphur, Louisiana"
1141,45,0,45,"Harvey, Louisiana"
1142,35,0,46,"Hammond, Louisiana"
1143,38,0,47,"Bayou Cane, Louisiana"
1144,22,0,35,"Shenandoah, Louisiana"
1145,33,0,43,"Natchitoches, Louisiana"
1146,64,0,56,"Gretna, Louisiana"
1147,46,0,46,"Chalmette, Louisiana"
1148,46,0,53,"Opelousas, Louisiana"
1149,61,4,68,"Portland, Maine"
1150,45,0,42,"Lewiston, Maine"
1151,41,0,39,"Bangor, Maine"
1152,41,0,62,"South Portland, Maine"
1153,33,0,31,"Auburn, Maine"
1154,39,0,44,"Biddeford, Maine"
1155,25,0,30,"Augusta, Maine"
1156,23,0,40,"Saco, Maine"
1157,32,0,47,"Westbrook, Maine"
1158,65,57,56,"Baltimore, Maryland"
1159,32,27,34,"Columbia, Maryland"
1160,36,37,47,"Germantown, Maryland"
1161,61,64,59,"Silver Spring, Maryland"
1162,17,0,35,"Waldorf, Maryland"
1163,35,23,43,"Glen Burnie, Maryland"
1164,23,11,23,"Ellicott City, Maryland"
1165,46,0,47,"Frederick, Maryland"
1166,49,34,46,"Dundalk, Maryland"
1167,54,53,58,"Rockville, Maryland"
1168,45,46,56,"Bethesda, Maryland"
1169,49,41,52,"Gaithersburg, Maryland"
1170,49,40,38,"Towson, Maryland"
1171,25,23,40,"Bowie, Maryland"
1172,27,42,40,"Aspen Hill, Maryland"
1173,48,57,45,"Wheaton, Maryland"
1174,21,13,24,"Bel Air South, Maryland"
1175,16,0,26,"Potomac, Maryland"
1176,17,17,32,"Severn, Maryland"
1177,49,54,55,"North Bethesda, Maryland"
1178,39,38,38,"Catonsville, Maryland"
1179,52,0,52,"Hagerstown, Maryland"
1180,39,35,41,"Essex, Maryland"
1181,50,34,57,"Annapolis, Maryland"
1182,38,39,35,"Woodlawn, Maryland"
1183,18,11,32,"Severna Park, Maryland"
1184,25,0,39,"Odenton, Maryland"
1185,14,5,24,"Clinton, Maryland"
1186,23,26,46,"Olney, Maryland"
1187,53,53,56,"Chillum, Maryland"
1188,23,23,29,"Randallstown, Maryland"
1189,36,39,35,"Montgomery Village, Maryland"
1190,34,29,31,"Pikesville, Maryland"
1191,57,39,44,"Parkville, Maryland"
1192,35,23,26,"Owings Mills, Maryland"
1193,17,0,27,"Bel Air North, Maryland"
1194,13,0,18,"Eldersburg, Maryland"
1195,52,48,67,"College Park, Maryland"
1196,45,0,46,"Salisbury, Maryland"
1197,39,23,28,"Carney, Maryland"
1198,37,37,35,"Milford Mill, Maryland"
1199,28,13,27,"Perry Hall, Maryland"
1200,27,0,33,"Crofton, Maryland"
1201,28,26,32,"South Laurel, Maryland"
1202,37,22,33,"Reisterstown, Maryland"
1203,35,43,32,"Suitland, Maryland"
1204,21,21,29,"Edgewood, Maryland"
1205,28,39,30,"Lochearn, Maryland"
1206,35,26,39,"Middle River, Maryland"
1207,53,34,41,"Laurel, Maryland"
1208,21,24,33,"North Potomac, Maryland"
1209,24,0,26,"Scaggsville, Maryland"
1210,24,0,33,"Pasadena, Maryland"
1211,14,22,21,"Fort Washington, Maryland"
1212,22,38,43,"Fairland, Maryland"
1213,19,0,23,"Ilchester, Maryland"
1214,15,9,21,"Arnold, Maryland"
1215,48,41,32,"Landover, Maryland"
1216,42,39,49,"Greenbelt, Maryland"
1217,49,19,34,"Cumberland, Maryland"
1218,33,23,26,"Cockeysville, Maryland"
1219,43,37,35,"Arbutus, Maryland"
1220,15,0,28,"Lake Shore, Maryland"
1221,35,32,30,"Rosedale, Maryland"
1222,21,28,29,"Camp Springs, Maryland"
1223,66,57,53,"Langley Park, Maryland"
1224,40,9,35,"Westminster, Maryland"
1225,25,0,40,"Ballenger Creek, Maryland"
1226,27,34,38,"Calverton, Maryland"
1227,20,27,27,"Oxon Hill, Maryland"
1228,66,59,74,"Hyattsville, Maryland"
1229,39,48,31,"White Oak, Maryland"
1230,33,47,23,"Glassmanor, Maryland"
1231,30,30,42,"Seabrook, Maryland"
1232,22,41,35,"Redland, Maryland"
1233,39,29,43,"Beltsville, Maryland"
1234,36,35,39,"Ferndale, Maryland"
1235,69,61,68,"Takoma Park, Maryland"
1236,82,72,70,"Boston, Massachusetts"
1237,56,33,38,"Worcester, Massachusetts"
1238,59,43,50,"Springfield, Massachusetts"
1239,64,39,46,"Lowell, Massachusetts"
1240,88,74,96,"Cambridge, Massachusetts"
1241,66,33,52,"New Bedford, Massachusetts"
1242,51,36,46,"Brockton, Massachusetts"
1243,60,49,44,"Quincy, Massachusetts"
1244,67,40,47,"Lynn, Massachusetts"
1245,65,34,50,"Fall River, Massachusetts"
1246,55,42,48,"Newton, Massachusetts"
1247,72,36,46,"Lawrence, Massachusetts"
1248,89,64,89,"Somerville, Massachusetts"
1249,42,21,39,"Framingham, Massachusetts"
1250,41,22,33,"Haverhill, Massachusetts"
1251,55,33,48,"Waltham, Massachusetts"
1252,72,53,52,"Malden, Massachusetts"
1253,80,69,72,"Brookline, Massachusetts"
1254,67,50,60,"Medford, Massachusetts"
1255,28,0,37,"Taunton, Massachusetts"
1256,43,35,41,"Chicopee, Massachusetts"
1257,35,27,37,"Weymouth Town, Massachusetts"
1258,62,54,46,"Revere, Massachusetts"
1259,41,0,37,"Peabody, Massachusetts"
1260,36,0,34,"Methuen Town, Massachusetts"
1261,23,14,36,"Barnstable Town, Massachusetts"
1262,38,21,39,"Pittsfield, Massachusetts"
1263,31,23,41,"Attleboro, Massachusetts"
1264,67,48,65,"Arlington, Massachusetts"
1265,83,49,52,"Everett, Massachusetts"
1266,67,32,54,"Salem, Massachusetts"
1267,29,16,36,"Westfield, Massachusetts"
1268,37,23,33,"Leominster, Massachusetts"
1269,42,28,33,"Fitchburg, Massachusetts"
1270,54,36,41,"Holyoke, Massachusetts"
1271,48,0,39,"Beverly, Massachusetts"
1272,40,0,31,"Marlborough, Massachusetts"
1273,45,27,36,"Woburn, Massachusetts"
1274,37,33,35,"Braintree Town, Massachusetts"
1275,81,57,47,"Chelsea, Massachusetts"
1276,35,31,42,"Randolph, Massachusetts"
1277,74,47,68,"Watertown Town, Massachusetts"
1278,21,0,28,"Franklin Town, Massachusetts"
1279,32,0,44,"Lexington, Massachusetts"
1280,38,22,37,"Needham, Massachusetts"
1281,42,32,31,"Gloucester, Massachusetts"
1282,48,26,42,"Norwood, Massachusetts"
1283,42,27,60,"Northampton, Massachusetts"
1284,22,0,35,"Agawam Town, Massachusetts"
1285,35,28,39,"West Springfield Town, Massachusetts"
1286,37,0,36,"Wellesley, Massachusetts"
1287,37,39,50,"Milton, Massachusetts"
1288,60,37,40,"Melrose, Massachusetts"
1289,39,28,31,"Saugus, Massachusetts"
1290,34,0,35,"Danvers, Massachusetts"
1291,41,0,42,"Milford, Massachusetts"
1292,47,26,40,"Wakefield, Massachusetts"
1293,33,0,37,"Reading, Massachusetts"
1294,59,41,60,"Belmont, Massachusetts"
1295,40,29,37,"Dedham, Massachusetts"
1296,28,0,31,"Burlington, Massachusetts"
1297,20,0,33,"Wilmington, Massachusetts"
1298,48,25,40,"Stoneham, Massachusetts"
1299,38,29,43,"Winchester, Massachusetts"
1300,38,0,29,"Gardner, Massachusetts"
1301,50,27,39,"Marblehead, Massachusetts"
1302,54,0,57,"Amherst Center, Massachusetts"
1303,28,0,36,"Somerset, Massachusetts"
1304,60,0,43,"Winthrop Town, Massachusetts"
1305,39,0,38,"Greenfield Town, Massachusetts"
1306,50,0,45,"Newburyport, Massachusetts"
1307,41,0,29,"Southbridge Town, Massachusetts"
1308,53,39,55,"Detroit, Michigan"
1309,57,40,53,"Grand Rapids, Michigan"
1310,43,0,46,"Warren, Michigan"
1311,32,0,40,"Sterling Heights, Michigan"
1312,43,34,59,"Lansing, Michigan"
1313,50,48,69,"Ann Arbor, Michigan"
1314,43,31,49,"Flint, Michigan"
1315,59,0,50,"Dearborn, Michigan"
1316,34,0,48,"Livonia, Michigan"
1317,36,0,48,"Westland, Michigan"
1318,27,0,43,"Troy, Michigan"
1319,23,0,39,"Farmington Hills, Michigan"
1320,48,0,52,"Kalamazoo, Michigan"
1321,37,0,44,"Wyoming, Michigan"
1322,35,0,42,"Southfield, Michigan"
1323,18,0,35,"Rochester Hills, Michigan"
1324,32,0,41,"Taylor, Michigan"
1325,41,0,45,"St. Clair Shores, Michigan"
1326,41,0,46,"Pontiac, Michigan"
1327,45,0,51,"Dearborn Heights, Michigan"
1328,52,0,54,"Royal Oak, Michigan"
1329,17,0,46,"Novi, Michigan"
1330,37,0,42,"Battle Creek, Michigan"
1331,39,0,48,"Saginaw, Michigan"
1332,24,0,43,"Kentwood, Michigan"
1333,53,0,77,"East Lansing, Michigan"
1334,43,0,47,"Roseville, Michigan"
1335,18,0,47,"Portage, Michigan"
1336,30,0,50,"Midland, Michigan"
1337,44,0,52,"Muskegon, Michigan"
1338,60,0,52,"Lincoln Park, Michigan"
1339,51,0,59,"Bay City, Michigan"
1340,46,0,60,"Jackson, Michigan"
1341,43,0,61,"Holland, Michigan"
1342,56,0,49,"Eastpointe, Michigan"
1343,45,0,49,"Port Huron, Michigan"
1344,49,0,47,"Southgate, Michigan"
1345,22,0,37,"Burton, Michigan"
1346,55,0,50,"Madison Heights, Michigan"
1347,43,0,46,"Oak Park, Michigan"
1348,49,0,46,"Allen Park, Michigan"
1349,43,0,47,"Garden City, Michigan"
1350,52,0,58,"Mount Pleasant, Michigan"
1351,60,0,51,"Wyandotte, Michigan"
1352,8,0,26,"Forest Hills, Michigan"
1353,29,0,41,"Inkster, Michigan"
1354,13,0,35,"Norton Shores, Michigan"
1355,15,0,36,"Romulus, Michigan"
1356,17,0,44,"Holt, Michigan"
1357,27,0,46,"Waverly, Michigan"
1358,18,0,36,"Walker, Michigan"
1359,82,0,56,"Hamtramck, Michigan"
1360,27,0,46,"Auburn Hills, Michigan"
1361,21,0,41,"Okemos, Michigan"
1362,46,0,60,"Marquette, Michigan"
1363,49,0,54,"Adrian, Michigan"
1364,46,0,49,"Monroe, Michigan"
1365,59,0,49,"Birmingham, Michigan"
1366,63,13,68,"Ferndale, Michigan"
1367,59,43,67,"Ypsilanti, Michigan"
1368,18,0,43,"Haslett, Michigan"
1369,38,0,43,"Trenton, Michigan"
1370,42,0,45,"Wayne, Michigan"
1371,20,0,36,"Allendale, Michigan"
1372,19,0,40,"Jenison, Michigan"
1373,70,57,84,"Minneapolis, Minnesota"
1374,60,48,67,"St. Paul, Minnesota"
1375,30,0,57,"Rochester, Minnesota"
1376,35,34,43,"Duluth, Minnesota"
1377,28,0,44,"Bloomington, Minnesota"
1378,26,28,46,"Brooklyn Park, Minnesota"
1379,19,0,43,"Plymouth, Minnesota"
1380,33,0,50,"St. Cloud, Minnesota"
1381,22,23,37,"Eagan, Minnesota"
1382,18,0,37,"Woodbury, Minnesota"
1383,13,0,46,"Maple Grove, Minnesota"
1384,24,23,48,"Coon Rapids, Minnesota"
1385,17,0,50,"Eden Prairie, Minnesota"
1386,31,25,40,"Burnsville, Minnesota"
1387,22,0,41,"Blaine, Minnesota"
1388,14,0,39,"Lakeville, Minnesota"
1389,21,22,38,"Minnetonka, Minnesota"
1390,20,27,39,"Apple Valley, Minnesota"
1391,36,35,50,"Edina, Minnesota"
1392,47,37,65,"St. Louis Park, Minnesota"
1393,38,0,51,"Mankato, Minnesota"
1394,30,0,56,"Moorhead, Minnesota"
1395,22,33,40,"Maplewood, Minnesota"
1396,26,0,54,"Shakopee, Minnesota"
1397,55,49,68,"Richfield, Minnesota"
1398,14,9,33,"Cottage Grove, Minnesota"
1399,16,26,28,"Inver Grove Heights, Minnesota"
1400,33,33,49,"Roseville, Minnesota"
1401,11,0,42,"Andover, Minnesota"
1402,31,40,52,"Brooklyn Center, Minnesota"
1403,39,0,54,"Winona, Minnesota"
1404,18,20,37,"Oakdale, Minnesota"
1405,36,36,48,"Fridley, Minnesota"
1406,22,0,47,"Savage, Minnesota"
1407,26,0,39,"Owatonna, Minnesota"
1408,16,21,39,"Shoreview, Minnesota"
1409,35,0,57,"Austin, Minnesota"
1410,34,0,46,"White Bear Lake, Minnesota"
1411,21,0,42,"Chaska, Minnesota"
1412,8,0,42,"Ramsey, Minnesota"
1413,28,0,45,"Faribault, Minnesota"
1414,19,0,51,"Champlin, Minnesota"
1415,15,0,33,"Elk River, Minnesota"
1416,15,0,48,"Chanhassen, Minnesota"
1417,14,0,43,"Prior Lake, Minnesota"
1418,31,0,43,"Hastings, Minnesota"
1419,43,30,52,"Crystal, Minnesota"
1420,21,0,43,"Rosemount, Minnesota"
1421,32,31,45,"New Brighton, Minnesota"
1422,19,0,41,"Farmington, Minnesota"
1423,28,31,53,"Golden Valley, Minnesota"
1424,42,28,51,"New Hope, Minnesota"
1425,8,0,38,"Lino Lakes, Minnesota"
1426,38,34,40,"South St. Paul, Minnesota"
1427,29,0,51,"Northfield, Minnesota"
1428,34,0,53,"Willmar, Minnesota"
1429,45,37,47,"West St. Paul, Minnesota"
1430,53,39,51,"Columbia Heights, Minnesota"
1431,17,0,38,"Forest Lake, Minnesota"
1432,33,0,43,"Stillwater, Minnesota"
1433,29,0,43,"Albert Lea, Minnesota"
1434,57,34,71,"Hopkins, Minnesota"
1435,40,25,55,"Anoka, Minnesota"
1436,28,20,38,"Jackson, Mississippi"
1437,23,0,41,"Gulfport, Mississippi"
1438,17,0,30,"Southaven, Mississippi"
1439,36,0,51,"Hattiesburg, Mississippi"
1440,31,0,44,"Biloxi, Mississippi"
1441,29,0,33,"Meridian, Mississippi"
1442,21,0,35,"Tupelo, Mississippi"
1443,33,0,47,"Greenville, Mississippi"
1444,14,0,29,"Olive Branch, Mississippi"
1445,23,0,33,"Horn Lake, Mississippi"
1446,21,0,34,"Clinton, Mississippi"
1447,20,0,35,"Pearl, Mississippi"
1448,8,0,29,"Madison, Mississippi"
1449,31,0,45,"Ridgeland, Mississippi"
1450,28,0,38,"Starkville, Mississippi"
1451,21,0,25,"Vicksburg, Mississippi"
1452,36,0,45,"Columbus, Mississippi"
1453,34,0,46,"Pascagoula, Mississippi"
1454,11,0,29,"Brandon, Mississippi"
1455,24,0,37,"Oxford, Mississippi"
1456,10,0,34,"Gautier, Mississippi"
1457,34,0,41,"Laurel, Mississippi"
1458,33,0,46,"Clarksdale, Mississippi"
1459,25,0,41,"Ocean Springs, Mississippi"
1460,35,29,35,"Kansas City, Missouri"
1461,65,45,62,"St. Louis, Missouri"
1462,38,0,53,"Springfield, Missouri"
1463,26,20,28,"Independence, Missouri"
1464,31,0,40,"Columbia, Missouri"
1465,20,0,29,"Lee's Summit, Missouri"
1466,21,0,29,"O'Fallon, Missouri"
1467,33,0,31,"St. Joseph, Missouri"
1468,32,0,32,"St. Charles, Missouri"
1469,26,0,37,"St. Peters, Missouri"
1470,27,0,33,"Blue Springs, Missouri"
1471,38,29,41,"Florissant, Missouri"
1472,36,0,44,"Joplin, Missouri"
1473,19,20,23,"Chesterfield, Missouri"
1474,26,0,23,"Jefferson City, Missouri"
1475,31,0,31,"Cape Girardeau, Missouri"
1476,14,9,20,"Oakville, Missouri"
1477,10,0,17,"Wildwood, Missouri"
1478,59,40,53,"University City, Missouri"
1479,20,17,24,"Ballwin, Missouri"
1480,28,13,31,"Raytown, Missouri"
1481,22,0,25,"Liberty, Missouri"
1482,11,0,23,"Wentzville, Missouri"
1483,31,28,31,"Mehlville, Missouri"
1484,38,27,35,"Kirkwood, Missouri"
1485,23,20,28,"Maryland Heights, Missouri"
1486,26,25,32,"Hazelwood, Missouri"
1487,34,21,35,"Gladstone, Missouri"
1488,20,0,31,"Grandview, Missouri"
1489,22,0,32,"Belton, Missouri"
1490,46,31,41,"Webster Groves, Missouri"
1491,43,0,51,"Sedalia, Missouri"
1492,37,34,35,"Ferguson, Missouri"
1493,20,12,20,"Arnold, Missouri"
1494,36,24,36,"Affton, Missouri"
1495,21,30,32,"Spanish Lake, Missouri"
1496,37,0,48,"Rolla, Missouri"
1497,16,0,28,"Raymore, Missouri"
1498,11,17,25,"Old Jamestown, Missouri"
1499,19,0,31,"Nixa, Missouri"
1500,37,0,46,"Warrensburg, Missouri"
1501,24,14,23,"Manchester, Missouri"
1502,31,0,28,"Hannibal, Missouri"
1503,25,24,27,"Creve Coeur, Missouri"
1504,17,0,24,"Ozark, Missouri"
1505,41,0,53,"Kirksville, Missouri"
1506,34,0,37,"Poplar Bluff, Missouri"
1507,44,29,44,"Lemay, Missouri"
1508,35,0,47,"Billings, Montana"
1509,46,34,60,"Missoula, Montana"
1510,44,0,47,"Great Falls, Montana"
1511,48,20,62,"Bozeman, Montana"
1512,40,17,45,"Butte-Silver Bow, Montana"
1513,50,0,44,"Helena, Montana"
1514,41,0,48,"Kalispell, Montana"
1515,47,27,44,"Omaha, Nebraska"
1516,43,24,61,"Lincoln, Nebraska"
1517,31,0,30,"Bellevue, Nebraska"
1518,40,0,52,"Grand Island, Nebraska"
1519,41,0,49,"Kearney, Nebraska"
1520,45,0,50,"Fremont, Nebraska"
1521,41,0,50,"Hastings, Nebraska"
1522,36,0,44,"North Platte, Nebraska"
1523,43,0,45,"Norfolk, Nebraska"
1524,43,0,48,"Columbus, Nebraska"
1525,39,0,45,"Papillion, Nebraska"
1526,41,34,46,"Las Vegas, Nevada"
1527,29,24,44,"Henderson, Nevada"
1528,38,28,52,"Reno, Nevada"
1529,48,38,54,"Paradise, Nevada"
1530,33,32,48,"North Las Vegas, Nevada"
1531,36,40,48,"Sunrise Manor, Nevada"
1532,43,38,45,"Spring Valley, Nevada"
1533,24,0,38,"Enterprise, Nevada"
1534,40,0,52,"Sparks, Nevada"
1535,35,0,57,"Carson City, Nevada"
1536,28,37,47,"Whitney, Nevada"
1537,4,0,31,"Pahrump, Nevada"
1538,52,45,56,"Winchester, Nevada"
1539,21,28,34,"Summerlin South, Nevada"
1540,16,0,37,"Fernley, Nevada"
1541,20,21,34,"Sun Valley, Nevada"
1542,36,0,40,"Elko, Nevada"
1543,49,0,42,"Manchester, New Hampshire"
1544,38,0,38,"Nashua, New Hampshire"
1545,36,0,37,"Concord, New Hampshire"
1546,32,0,36,"Dover, New Hampshire"
1547,22,0,33,"Rochester, New Hampshire"
1548,43,0,51,"Keene, New Hampshire"
1549,29,0,38,"Derry, New Hampshire"
1550,47,0,48,"Portsmouth, New Hampshire"
1551,79,65,61,"Newark, New Jersey"
1552,87,71,70,"Jersey City, New Jersey"
1553,78,48,48,"Paterson, New Jersey"
1554,81,43,56,"Elizabeth, New Jersey"
1555,28,0,39,"Toms River, New Jersey"
1556,70,45,58,"Trenton, New Jersey"
1557,61,45,47,"Clifton, New Jersey"
1558,70,47,59,"Camden, New Jersey"
1559,82,54,52,"Passaic, New Jersey"
1560,94,81,56,"Union City, New Jersey"
1561,73,56,50,"East Orange, New Jersey"
1562,80,62,52,"Bayonne, New Jersey"
1563,26,0,38,"Vineland, New Jersey"
1564,74,34,62,"New Brunswick, New Jersey"
1565,54,0,48,"Lakewood, New Jersey"
1566,76,43,51,"Perth Amboy, New Jersey"
1567,96,75,80,"Hoboken, New Jersey"
1568,59,42,50,"Plainfield, New Jersey"
1569,94,73,51,"West New York, New Jersey"
1570,73,56,51,"Hackensack, New Jersey"
1571,30,0,33,"Sayreville, New Jersey"
1572,75,42,47,"Kearny, New Jersey"
1573,67,42,52,"Linden, New Jersey"
1574,73,48,61,"Atlantic City, New Jersey"
1575,79,54,50,"Fort Lee, New Jersey"
1576,58,42,47,"Fair Lawn, New Jersey"
1577,63,26,58,"Long Branch, New Jersey"
1578,76,45,49,"Garfield, New Jersey"
1579,44,32,43,"Westfield, New Jersey"
1580,31,0,42,"Millville, New Jersey"
1581,64,39,58,"Rahway, New Jersey"
1582,60,46,45,"Englewood, New Jersey"
1583,62,46,50,"Bergenfield, New Jersey"
1584,36,41,38,"Paramus, New Jersey"
1585,43,0,43,"Bridgeton, New Jersey"
1586,42,42,41,"Ridgewood, New Jersey"
1587,70,45,47,"Lodi, New Jersey"
1588,30,36,37,"Old Bridge, New Jersey"
1589,83,55,45,"Cliffside Park, New Jersey"
1590,43,24,43,"South Plainfield, New Jersey"
1591,56,32,47,"Carteret, New Jersey"
1592,26,0,41,"Somerset, New Jersey"
1593,58,38,44,"North Plainfield, New Jersey"
1594,47,33,33,"Summit, New Jersey"
1595,66,44,50,"Roselle, New Jersey"
1596,51,37,56,"Pleasantville, New Jersey"
1597,81,52,42,"Palisades Park, New Jersey"
1598,55,42,45,"Elmwood Park, New Jersey"
1599,52,38,44,"Woodbridge, New Jersey"
1600,53,26,37,"Hawthorne, New Jersey"
1601,60,35,47,"Iselin, New Jersey"
1602,38,0,48,"Glassboro, New Jersey"
1603,70,32,42,"Morristown, New Jersey"
1604,49,0,52,"Point Pleasant, New Jersey"
1605,59,35,35,"Dover, New Jersey"
1606,69,53,47,"Rutherford, New Jersey"
1607,16,0,33,"Tinton Falls, New Jersey"
1608,41,27,41,"Colonia, New Jersey"
1609,44,29,48,"Lindenwold, New Jersey"
1610,58,47,47,"Dumont, New Jersey"
1611,46,31,42,"Avenel, New Jersey"
1612,42,30,62,"Albuquerque, New Mexico"
1613,35,0,46,"Las Cruces, New Mexico"
1614,16,0,32,"Rio Rancho, New Mexico"
1615,40,0,50,"Santa Fe, New Mexico"
1616,32,0,48,"Roswell, New Mexico"
1617,31,16,36,"Farmington, New Mexico"
1618,22,0,44,"South Valley, New Mexico"
1619,37,0,45,"Clovis, New Mexico"
1620,41,0,46,"Hobbs, New Mexico"
1621,26,0,41,"Alamogordo, New Mexico"
1622,36,0,50,"Carlsbad, New Mexico"
1623,28,0,33,"Gallup, New Mexico"
1624,88,84,70,"New York, New York"
1625,68,49,65,"Buffalo, New York"
1626,65,43,61,"Rochester, New York"
1627,70,54,39,"Yonkers, New York"
1628,60,44,50,"Syracuse, New York"
1629,65,54,56,"Albany, New York"
1630,65,44,48,"New Rochelle, New York"
1631,34,28,44,"Cheektowaga, New York"
1632,74,56,44,"Mount Vernon, New York"
1633,65,37,51,"Schenectady, New York"
1634,58,0,49,"Utica, New York"
1635,38,0,42,"Brentwood, New York"
1636,47,31,50,"Tonawanda, New York"
1637,62,51,40,"White Plains, New York"
1638,74,53,55,"Hempstead, New York"
1639,50,21,46,"Levittown, New York"
1640,32,33,40,"Irondequoit, New York"
1641,49,30,55,"Niagara Falls, New York"
1642,56,39,44,"Troy, New York"
1643,56,0,51,"Binghamton, New York"
1644,25,0,37,"West Seneca, New York"
1645,46,0,44,"West Babylon, New York"
1646,63,37,50,"Freeport, New York"
1647,60,30,50,"Hicksville, New York"
1648,18,0,36,"Coram, New York"
1649,52,25,46,"East Meadow, New York"
1650,66,51,51,"Valley Stream, New York"
1651,28,32,47,"Brighton, New York"
1652,30,0,38,"Commack, New York"
1653,37,0,42,"Central Islip, New York"
1654,35,0,45,"Rome, New York"
1655,21,0,29,"New City, New York"
1656,70,29,53,"Long Beach, New York"
1657,62,40,49,"Elmont, New York"
1658,51,0,50,"Huntington Station, New York"
1659,63,30,54,"Poughkeepsie, New York"
1660,55,32,48,"Oceanside, New York"
1661,22,0,36,"Centereach, New York"
1662,38,0,51,"North Tonawanda, New York"
1663,53,20,41,"Spring Valley, New York"
1664,53,0,43,"Jamestown, New York"
1665,71,0,57,"Ithaca, New York"
1666,67,38,51,"Franklin Square, New York"
1667,50,0,55,"Elmira, New York"
1668,76,43,43,"Port Chester, New York"
1669,69,0,43,"Newburgh, New York"
1670,33,0,39,"West Islip, New York"
1671,57,0,38,"Middletown, New York"
1672,23,0,37,"Shirley, New York"
1673,45,0,43,"Deer Park, New York"
1674,52,28,44,"Auburn, New York"
1675,37,32,31,"Harrison, New York"
1676,53,0,46,"Lindenhurst, New York"
1677,32,0,40,"Holbrook, New York"
1678,50,0,46,"Watertown, New York"
1679,52,22,37,"Glen Cove, New York"
1680,12,0,25,"Dix Hills, New York"
1681,42,24,42,"Saratoga Springs, New York"
1682,23,0,31,"Smithtown, New York"
1683,50,0,48,"Bay Shore, New York"
1684,48,15,46,"Plainview, New York"
1685,61,36,35,"Ossining, New York"
1686,63,38,52,"Uniondale, New York"
1687,20,0,36,"Medford, New York"
1688,63,36,51,"Baldwin, New York"
1689,62,40,55,"Rockville Centre, New York"
1690,57,0,53,"Kingston, New York"
1691,61,33,30,"Peekskill, New York"
1692,56,0,48,"Copiague, New York"
1693,24,0,38,"East Patchogue, New York"
1694,54,46,48,"Garden City, New York"
1695,55,25,47,"Merrick, New York"
1696,48,23,47,"Massapequa, New York"
1697,44,0,52,"Lockport, New York"
1698,26,0,36,"Hauppauge, New York"
1699,39,0,45,"Rotterdam, New York"
1700,39,0,39,"East Northport, New York"
1701,41,0,29,"Kiryas Joel, New York"
1702,41,0,42,"Lake Ronkonkoma, New York"
1703,57,0,57,"Plattsburgh, New York"
1704,53,18,46,"North Bellmore, New York"
1705,35,0,40,"Selden, New York"
1706,22,0,36,"Holtsville, New York"
1707,61,41,44,"Eastchester, New York"
1708,72,51,57,"Lynbrook, New York"
1709,54,0,48,"Cortland, New York"
1710,27,0,35,"Ronkonkoma, New York"
1711,47,24,47,"East Massapequa, New York"
1712,20,0,31,"Melville, New York"
1713,39,0,48,"North Bay Shore, New York"
1714,64,41,50,"Mamaroneck, New York"
1715,49,28,47,"Wantagh, New York"
1716,65,42,53,"West Hempstead, New York"
1717,44,0,42,"Syosset, New York"
1718,77,52,51,"Mineola, New York"
1719,41,0,44,"Islip, New York"
1720,34,0,29,"Amsterdam, New York"
1721,40,0,35,"Monsey, New York"
1722,58,0,44,"Oswego, New York"
1723,42,27,49,"Lackawanna, New York"
1724,36,0,30,"Huntington, New York"
1725,44,13,47,"North Massapequa, New York"
1726,36,0,33,"Nanuet, New York"
1727,42,0,44,"North Amityville, New York"
1728,43,0,43,"North Babylon, New York"
1729,25,0,33,"Kings Park, New York"
1730,40,37,38,"Scarsdale, New York"
1731,46,0,45,"Woodmere, New York"
1732,43,28,50,"Massapequa Park, New York"
1733,35,0,39,"Sayville, New York"
1734,62,38,49,"North Valley Stream, New York"
1735,26,29,34,"Charlotte, North Carolina"
1736,31,30,41,"Raleigh, North Carolina"
1737,29,0,35,"Greensboro, North Carolina"
1738,23,0,29,"Winston-Salem, North Carolina"
1739,29,29,41,"Durham, North Carolina"
1740,21,0,33,"Fayetteville, North Carolina"
1741,27,18,40,"Cary, North Carolina"
1742,35,20,52,"Wilmington, North Carolina"
1743,24,0,31,"High Point, North Carolina"
1744,33,0,45,"Greenville, North Carolina"
1745,36,26,33,"Asheville, North Carolina"
1746,18,11,24,"Concord, North Carolina"
1747,24,0,27,"Gastonia, North Carolina"
1748,25,0,43,"Jacksonville, North Carolina"
1749,24,16,39,"Rocky Mount, North Carolina"
1750,36,42,50,"Chapel Hill, North Carolina"
1751,33,0,39,"Burlington, North Carolina"
1752,32,0,42,"Wilson, North Carolina"
1753,16,0,28,"Huntersville, North Carolina"
1754,22,20,26,"Kannapolis, North Carolina"
1755,27,0,26,"Hickory, North Carolina"
1756,25,0,28,"Apex, North Carolina"
1757,27,0,41,"Goldsboro, North Carolina"
1758,27,0,34,"Salisbury, North Carolina"
1759,10,0,28,"Indian Trail, North Carolina"
1760,25,0,33,"Monroe, North Carolina"
1761,20,0,26,"Mooresville, North Carolina"
1762,20,0,26,"Wake Forest, North Carolina"
1763,27,0,45,"New Bern, North Carolina"
1764,21,0,32,"Sanford, North Carolina"
1765,15,0,28,"Matthews, North Carolina"
1766,24,0,29,"Thomasville, North Carolina"
1767,22,0,27,"Garner, North Carolina"
1768,26,0,26,"Asheboro, North Carolina"
1769,27,0,34,"Cornelius, North Carolina"
1770,19,0,24,"Holly Springs, North Carolina"
1771,30,0,31,"Statesville, North Carolina"
1772,20,0,26,"Kernersville, North Carolina"
1773,10,0,24,"Mint Hill, North Carolina"
1774,32,0,43,"Kinston, North Carolina"
1775,29,0,43,"Lumberton, North Carolina"
1776,26,0,42,"Havelock, North Carolina"
1777,28,0,31,"Shelby, North Carolina"
1778,28,0,59,"Carrboro, North Carolina"
1779,32,0,32,"Lexington, North Carolina"
1780,38,0,50,"Elizabeth City, North Carolina"
1781,12,0,23,"Clemmons, North Carolina"
1782,26,0,42,"Morrisville, North Carolina"
1783,21,0,25,"Lenoir, North Carolina"
1784,20,0,30,"Fuquay-Varina, North Carolina"
1785,49,0,26,"Boone, North Carolina"
1786,25,0,24,"Morganton, North Carolina"
1787,44,25,50,"Fargo, North Dakota"
1788,36,0,40,"Bismarck, North Dakota"
1789,48,0,61,"Grand Forks, North Dakota"
1790,39,0,38,"Minot, North Dakota"
1791,28,0,39,"West Fargo, North Dakota"
1792,27,0,32,"Mandan, North Dakota"
1793,34,0,39,"Dickinson, North Dakota"
1794,40,33,50,"Columbus, Ohio"
1795,60,45,55,"Cleveland, Ohio"
1796,50,44,43,"Cincinnati, Ohio"
1797,45,0,50,"Toledo, Ohio"
1798,46,32,46,"Akron, Ohio"
1799,48,0,49,"Dayton, Ohio"
1800,40,34,41,"Parma, Ohio"
1801,48,0,46,"Canton, Ohio"
1802,37,0,39,"Youngstown, Ohio"
1803,37,0,42,"Lorain, Ohio"
1804,39,13,41,"Hamilton, Ohio"
1805,40,0,49,"Springfield, Ohio"
1806,39,0,46,"Kettering, Ohio"
1807,29,0,41,"Elyria, Ohio"
1808,69,38,63,"Lakewood, Ohio"
1809,45,0,41,"Cuyahoga Falls, Ohio"
1810,40,38,42,"Euclid, Ohio"
1811,33,16,41,"Middletown, Ohio"
1812,32,0,36,"Mansfield, Ohio"
1813,31,0,44,"Newark, Ohio"
1814,19,0,35,"Mentor, Ohio"
1815,54,38,53,"Cleveland Heights, Ohio"
1816,17,0,34,"Beavercreek, Ohio"
1817,19,21,34,"Strongsville, Ohio"
1818,24,6,32,"Fairfield, Ohio"
1819,17,0,46,"Dublin, Ohio"
1820,35,0,45,"Warren, Ohio"
1821,36,0,44,"Findlay, Ohio"
1822,40,0,45,"Lancaster, Ohio"
1823,44,0,51,"Lima, Ohio"
1824,25,0,36,"Huber Heights, Ohio"
1825,35,0,45,"Marion, Ohio"
1826,28,0,52,"Westerville, Ohio"
1827,29,22,40,"Reynoldsburg, Ohio"
1828,25,0,49,"Grove City, Ohio"
1829,29,0,38,"Boardman, Ohio"
1830,21,0,37,"Stow, Ohio"
1831,27,0,37,"Delaware, Ohio"
1832,21,0,34,"Brunswick, Ohio"
1833,42,30,49,"Upper Arlington, Ohio"
1834,24,24,36,"Gahanna, Ohio"
1835,23,24,36,"Westlake, Ohio"
1836,28,21,41,"North Olmsted, Ohio"
1837,34,0,41,"Fairborn, Ohio"
1838,39,0,42,"Massillon, Ohio"
1839,18,0,45,"Mason, Ohio"
1840,15,0,29,"North Royalton, Ohio"
1841,45,0,55,"Bowling Green, Ohio"
1842,23,0,36,"Austintown, Ohio"
1843,14,0,33,"North Ridgeville, Ohio"
1844,41,0,50,"Kent, Ohio"
1845,44,32,40,"Garfield Heights, Ohio"
1846,43,48,47,"Shaker Heights, Ohio"
1847,22,0,42,"Hilliard, Ohio"
1848,27,0,37,"Medina, Ohio"
1849,39,0,41,"Barberton, Ohio"
1850,33,0,35,"Wooster, Ohio"
1851,44,0,48,"Sandusky, Ohio"
1852,29,0,49,"Xenia, Ohio"
1853,8,0,27,"Green, Ohio"
1854,39,0,37,"Zanesville, Ohio"
1855,33,0,43,"Riverside, Ohio"
1856,33,0,46,"Troy, Ohio"
1857,17,0,35,"Trotwood, Ohio"
1858,27,0,42,"Centerville, Ohio"
1859,55,0,63,"Athens, Ohio"
1860,11,0,35,"Solon, Ohio"
1861,38,31,42,"Maple Heights, Ohio"
1862,20,0,41,"Avon Lake, Ohio"
1863,45,0,47,"Alliance, Ohio"
1864,45,31,45,"South Euclid, Ohio"
1865,27,0,36,"Willoughby, Ohio"
1866,11,0,36,"Hudson, Ohio"
1867,23,0,41,"Marysville, Ohio"
1868,37,0,42,"Chillicothe, Ohio"
1869,31,0,37,"Wadsworth, Ohio"
1870,48,31,53,"Oxford, Ohio"
1871,31,0,39,"Sidney, Ohio"
1872,12,0,32,"Avon, Ohio"
1873,42,40,45,"Parma Heights, Ohio"
1874,24,0,39,"Perrysburg, Ohio"
1875,37,0,54,"Piqua, Ohio"
1876,41,0,43,"Ashland, Ohio"
1877,20,0,40,"Oregon, Ohio"
1878,42,0,37,"Portsmouth, Ohio"
1879,44,34,44,"Rocky River, Ohio"
1880,24,0,34,"Miamisburg, Ohio"
1881,24,0,36,"Lebanon, Ohio"
1882,39,22,45,"Painesville, Ohio"
1883,8,20,25,"Broadview Heights, Ohio"
1884,34,0,40,"Niles, Ohio"
1885,31,0,39,"Brook Park, Ohio"
1886,64,44,46,"Norwood, Ohio"
1887,30,22,27,"White Oak, Ohio"
1888,46,24,45,"Mayfield Heights, Ohio"
1889,35,0,43,"Ashtabula, Ohio"
1890,35,12,51,"Berea, Ohio"
1891,26,0,42,"Sylvania, Ohio"
1892,16,0,30,"Twinsburg, Ohio"
1893,28,19,36,"Forest Park, Ohio"
1894,37,0,28,"Steubenville, Ohio"
1895,23,0,43,"Eastlake, Ohio"
1896,16,0,31,"Pickerington, Ohio"
1897,50,36,46,"Whitehall, Ohio"
1898,48,0,52,"Tiffin, Ohio"
1899,59,54,47,"East Cleveland, Ohio"
1900,16,0,32,"Tallmadge, Ohio"
1901,37,0,39,"North Canton, Ohio"
1902,18,0,34,"Springboro, Ohio"
1903,46,0,47,"New Philadelphia, Ohio"
1904,35,0,42,"Norwalk, Ohio"
1905,41,0,44,"Mount Vernon, Ohio"
1906,39,28,42,"Fairview Park, Ohio"
1907,44,0,50,"Fremont, Ohio"
1908,34,16,43,"Oklahoma City, Oklahoma"
1909,39,23,47,"Tulsa, Oklahoma"
1910,31,0,58,"Norman, Oklahoma"
1911,22,10,35,"Broken Arrow, Oklahoma"
1912,34,0,43,"Lawton, Oklahoma"
1913,30,0,35,"Edmond, Oklahoma"
1914,29,0,37,"Moore, Oklahoma"
1915,28,0,40,"Midwest City, Oklahoma"
1916,31,0,43,"Enid, Oklahoma"
1917,36,0,62,"Stillwater, Oklahoma"
1918,31,0,46,"Muskogee, Oklahoma"
1919,24,0,35,"Bartlesville, Oklahoma"
1920,34,0,39,"Shawnee, Oklahoma"
1921,28,0,37,"Owasso, Oklahoma"
1922,33,0,44,"Ponca City, Oklahoma"
1923,30,0,42,"Ardmore, Oklahoma"
1924,27,0,40,"Duncan, Oklahoma"
1925,35,0,41,"Yukon, Oklahoma"
1926,34,0,44,"Del City, Oklahoma"
1927,15,0,35,"Bixby, Oklahoma"
1928,24,0,33,"Sapulpa, Oklahoma"
1929,30,0,42,"Altus, Oklahoma"
1930,46,8,47,"Bethany, Oklahoma"
1931,18,5,32,"Sand Springs, Oklahoma"
1932,26,0,39,"Claremore, Oklahoma"
1933,23,0,35,"McAlester, Oklahoma"
1934,19,0,35,"Mustang, Oklahoma"
1935,15,4,39,"Jenks, Oklahoma"
1936,32,0,38,"Ada, Oklahoma"
1937,29,0,38,"El Reno, Oklahoma"
1938,67,52,82,"Portland, Oregon"
1939,45,36,72,"Eugene, Oregon"
1940,42,31,62,"Salem, Oregon"
1941,45,40,65,"Gresham, Oregon"
1942,44,39,72,"Hillsboro, Oregon"
1943,50,37,68,"Beaverton, Oregon"
1944,33,24,53,"Bend, Oregon"
1945,37,25,54,"Medford, Oregon"
1946,47,33,63,"Springfield, Oregon"
1947,48,28,84,"Corvallis, Oregon"
1948,34,17,53,"Albany, Oregon"
1949,40,37,64,"Aloha, Oregon"
1950,41,31,63,"Tigard, Oregon"
1951,37,26,48,"Lake Oswego, Oregon"
1952,35,32,58,"Keizer, Oregon"
1953,40,19,45,"Grants Pass, Oregon"
1954,40,18,53,"McMinnville, Oregon"
1955,37,29,52,"Oregon City, Oregon"
1956,30,4,48,"Redmond, Oregon"
1957,27,29,54,"Tualatin, Oregon"
1958,34,23,42,"West Linn, Oregon"
1959,47,21,56,"Woodburn, Oregon"
1960,45,0,68,"Newberg, Oregon"
1961,42,18,44,"Roseburg, Oregon"
1962,42,30,66,"Forest Grove, Oregon"
1963,39,23,44,"Klamath Falls, Oregon"
1964,36,27,56,"Bethany, Oregon"
1965,51,43,71,"Milwaukie, Oregon"
1966,53,18,59,"Ashland, Oregon"
1967,36,35,61,"Hayesville, Oregon"
1968,28,27,55,"Wilsonville, Oregon"
1969,29,21,48,"Altamont, Oregon"
1970,38,23,55,"Sherwood, Oregon"
1971,33,21,49,"Central Point, Oregon"
1972,43,0,43,"Hermiston, Oregon"
1973,48,38,65,"Oak Grove, Oregon"
1974,35,0,32,"Pendleton, Oregon"
1975,79,67,67,"Philadelphia, Pennsylvania"
1976,63,56,57,"Pittsburgh, Pennsylvania"
1977,70,36,44,"Allentown, Pennsylvania"
1978,59,0,54,"Erie, Pennsylvania"
1979,75,0,48,"Reading, Pennsylvania"
1980,57,0,38,"Scranton, Pennsylvania"
1981,63,32,45,"Bethlehem, Pennsylvania"
1982,81,0,59,"Lancaster, Pennsylvania"
1983,36,20,42,"Levittown, Pennsylvania"
1984,74,39,58,"Harrisburg, Pennsylvania"
1985,54,0,35,"Altoona, Pennsylvania"
1986,74,40,63,"York, Pennsylvania"
1987,68,52,75,"State College, Pennsylvania"
1988,62,0,47,"Wilkes-Barre, Pennsylvania"
1989,69,42,48,"Norristown, Pennsylvania"
1990,65,44,52,"Chester, Pennsylvania"
1991,28,31,18,"Bethel Park, Pennsylvania"
1992,54,0,55,"Williamsport, Pennsylvania"
1993,19,0,15,"Monroeville, Pennsylvania"
1994,57,46,40,"Drexel Hill, Pennsylvania"
1995,13,0,10,"Plum, Pennsylvania"
1996,66,30,48,"Easton, Pennsylvania"
1997,68,0,56,"Lebanon, Pennsylvania"
1998,65,0,41,"Hazleton, Pennsylvania"
1999,46,0,37,"New Castle, Pennsylvania"
2000,59,0,46,"Pottstown, Pennsylvania"
2001,16,0,12,"Allison Park, Pennsylvania"
2002,46,0,36,"Johnstown, Pennsylvania"
2003,22,31,17,"West Mifflin, Pennsylvania"
2004,49,0,56,"Chambersburg, Pennsylvania"
2005,9,0,10,"Murrysville, Pennsylvania"
2006,34,31,34,"King of Prussia, Pennsylvania"
2007,26,25,18,"Baldwin, Pennsylvania"
2008,44,32,34,"McKeesport, Pennsylvania"
2009,14,0,10,"Upper St. Clair, Pennsylvania"
2010,60,0,62,"Carlisle, Pennsylvania"
2011,76,0,50,"West Chester, Pennsylvania"
2012,78,48,62,"Providence, Rhode Island"
2013,34,26,40,"Warwick, Rhode Island"
2014,49,30,46,"Cranston, Rhode Island"
2015,69,37,52,"Pawtucket, Rhode Island"
2016,48,30,46,"East Providence, Rhode Island"
2017,52,26,37,"Woonsocket, Rhode Island"
2018,65,31,54,"Newport, Rhode Island"
2019,79,34,52,"Central Falls, Rhode Island"
2020,34,4,34,"Westerly, Rhode Island"
2021,38,0,38,"Columbia, South Carolina"
2022,40,23,52,"Charleston, South Carolina"
2023,27,0,41,"North Charleston, South Carolina"
2024,20,0,39,"Mount Pleasant, South Carolina"
2025,29,0,33,"Rock Hill, South Carolina"
2026,43,19,41,"Greenville, South Carolina"
2027,19,0,38,"Summerville, South Carolina"
2028,26,0,42,"Sumter, South Carolina"
2029,12,0,48,"Hilton Head Island, South Carolina"
2030,29,0,43,"Florence, South Carolina"
2031,31,0,36,"Spartanburg, South Carolina"
2032,16,0,37,"Goose Creek, South Carolina"
2033,23,0,32,"Aiken, South Carolina"
2034,43,0,55,"Myrtle Beach, South Carolina"
2035,33,0,34,"Anderson, South Carolina"
2036,26,0,24,"Greer, South Carolina"
2037,32,0,40,"Greenwood, South Carolina"
2038,19,0,25,"Mauldin, South Carolina"
2039,12,0,19,"Taylors, South Carolina"
2040,22,0,34,"North Augusta, South Carolina"
2041,31,0,29,"Wade Hampton, South Carolina"
2042,27,0,34,"St. Andrews, South Carolina"
2043,24,0,29,"Easley, South Carolina"
2044,21,0,35,"Socastee, South Carolina"
2045,22,0,26,"Simpsonville, South Carolina"
2046,20,0,37,"Hanahan, South Carolina"
2047,23,0,26,"Lexington, South Carolina"
2048,28,0,42,"Conway, South Carolina"
2049,37,17,46,"Sioux Falls, South Dakota"
2050,29,0,36,"Rapid City, South Dakota"
2051,35,0,66,"Aberdeen, South Dakota"
2052,39,0,58,"Brookings, South Dakota"
2053,35,0,50,"Watertown, South Dakota"
2054,36,0,44,"Memphis, Tennessee"
2055,28,24,30,"Nashville-Davidson, Tennessee"
2056,31,28,30,"Knoxville, Tennessee"
2057,29,25,35,"Chattanooga, Tennessee"
2058,18,0,27,"Clarksville, Tennessee"
2059,25,0,40,"Murfreesboro, Tennessee"
2060,25,0,37,"Jackson, Tennessee"
2061,26,0,26,"Johnson City, Tennessee"
2062,23,0,30,"Franklin, Tennessee"
2063,15,0,35,"Bartlett, Tennessee"
2064,14,0,24,"Hendersonville, Tennessee"
2065,24,14,26,"Kingsport, Tennessee"
2066,12,0,32,"Collierville, Tennessee"
2067,30,0,29,"Cleveland, Tennessee"
2068,19,5,32,"Smyrna, Tennessee"
2069,16,0,33,"Germantown, Tennessee"
2070,4,0,18,"Brentwood, Tennessee"
2071,24,0,27,"Columbia, Tennessee"
2072,11,0,25,"La Vergne, Tennessee"
2073,29,0,37,"Cookeville, Tennessee"
2074,24,0,36,"Gallatin, Tennessee"
2075,18,0,23,"Oak Ridge, Tennessee"
2076,28,0,26,"Morristown, Tennessee"
2077,12,0,25,"Spring Hill, Tennessee"
2078,26,0,30,"Maryville, Tennessee"
2079,26,0,24,"Bristol, Tennessee"
2080,22,0,37,"Lebanon, Tennessee"
2081,13,0,22,"Mount Juliet, Tennessee"
2082,32,0,34,"East Ridge, Tennessee"
2083,13,0,21,"Farragut, Tennessee"
2084,24,0,36,"Shelbyville, Tennessee"
2085,20,0,37,"Tullahoma, Tennessee"
2086,28,0,38,"Dyersburg, Tennessee"
2087,48,37,51,"Houston, Texas"
2088,35,36,45,"San Antonio, Texas"
2089,46,40,51,"Dallas, Texas"
2090,41,34,54,"Austin, Texas"
2091,35,21,41,"Fort Worth, Texas"
2092,41,31,42,"El Paso, Texas"
2093,38,0,41,"Arlington, Texas"
2094,41,30,49,"Corpus Christi, Texas"
2095,39,17,55,"Plano, Texas"
2096,41,0,45,"Laredo, Texas"
2097,38,22,49,"Lubbock, Texas"
2098,40,29,45,"Garland, Texas"
2099,44,31,46,"Irving, Texas"
2100,40,0,46,"Amarillo, Texas"
2101,32,0,37,"Grand Prairie, Texas"
2102,39,0,46,"Brownsville, Texas"
2103,43,0,48,"Pasadena, Texas"
2104,35,0,42,"Mesquite, Texas"
2105,27,0,43,"McKinney, Texas"
2106,42,0,48,"McAllen, Texas"
2107,33,0,38,"Killeen, Texas"
2108,36,0,43,"Waco, Texas"
2109,35,22,40,"Carrollton, Texas"
2110,33,0,43,"Beaumont, Texas"
2111,30,0,41,"Abilene, Texas"
2112,24,0,40,"Frisco, Texas"
2113,33,0,46,"Denton, Texas"
2114,42,0,45,"Midland, Texas"
2115,29,0,44,"Wichita Falls, Texas"
2116,40,0,45,"Odessa, Texas"
2117,24,0,36,"Round Rock, Texas"
2118,43,34,53,"Richardson, Texas"
2119,36,0,39,"Tyler, Texas"
2120,38,0,41,"Lewisville, Texas"
2121,33,0,62,"College Station, Texas"
2122,18,0,47,"The Woodlands, Texas"
2123,32,0,42,"San Angelo, Texas"
2124,20,0,38,"Pearland, Texas"
2125,34,0,59,"Allen, Texas"
2126,22,0,36,"League City, Texas"
2127,29,0,39,"Longview, Texas"
2128,27,0,39,"Sugar Land, Texas"
2129,28,0,39,"Edinburg, Texas"
2130,33,0,40,"Mission, Texas"
2131,33,0,46,"Bryan, Texas"
2132,32,0,42,"Baytown, Texas"
2133,37,0,43,"Pharr, Texas"
2134,25,0,36,"Missouri City, Texas"
2135,31,0,38,"Temple, Texas"
2136,25,0,36,"Atascocita, Texas"
2137,36,0,46,"Harlingen, Texas"
2138,26,0,34,"Flower Mound, Texas"
2139,33,0,44,"North Richland Hills, Texas"
2140,35,0,43,"Victoria, Texas"
2141,25,0,34,"New Braunfels, Texas"
2142,25,0,36,"Mansfield, Texas"
2143,26,0,39,"Conroe, Texas"
2144,18,13,33,"Rowlett, Texas"
2145,20,0,37,"Spring, Texas"
2146,35,0,45,"Port Arthur, Texas"
2147,37,0,38,"Euless, Texas"
2148,24,0,32,"DeSoto, Texas"
2149,23,0,41,"Cedar Park, Texas"
2150,54,0,57,"Galveston, Texas"
2151,22,0,35,"Georgetown, Texas"
2152,43,0,43,"Bedford, Texas"
2153,22,0,39,"Pflugerville, Texas"
2154,29,0,39,"Grapevine, Texas"
2155,35,0,45,"Texas City, Texas"
2156,19,0,31,"Cedar Hill, Texas"
2157,39,0,43,"San Marcos, Texas"
2158,38,0,40,"Haltom City, Texas"
2159,18,0,34,"Wylie, Texas"
2160,23,0,36,"Keller, Texas"
2161,28,0,37,"Coppell, Texas"
2162,33,0,35,"Huntsville, Texas"
2163,44,12,44,"Duncanville, Texas"
2164,30,0,38,"Sherman, Texas"
2165,23,0,37,"Channelview, Texas"
2166,25,0,30,"Rockwall, Texas"
2167,47,0,44,"Hurst, Texas"
2168,27,0,38,"Burleson, Texas"
2169,26,13,36,"Mission Bend, Texas"
2170,29,0,42,"Texarkana, Texas"
2171,22,0,37,"Lancaster, Texas"
2172,27,0,40,"The Colony, Texas"
2173,22,0,36,"Friendswood, Texas"
2174,35,0,41,"Weslaco, Texas"
2175,35,0,44,"Del Rio, Texas"
2176,26,0,41,"Lufkin, Texas"
2177,33,0,40,"San Juan, Texas"
2178,25,0,39,"La Porte, Texas"
2179,28,0,37,"Nacogdoches, Texas"
2180,26,0,30,"Copperas Cove, Texas"
2181,23,0,37,"Socorro, Texas"
2182,32,0,41,"Deer Park, Texas"
2183,21,0,32,"Schertz, Texas"
2184,35,0,41,"Rosenberg, Texas"
2185,25,0,38,"Waxahachie, Texas"
2186,19,0,38,"Fort Hood, Texas"
2187,26,0,39,"Cleburne, Texas"
2188,43,30,53,"Farmers Branch, Texas"
2189,15,0,30,"Kyle, Texas"
2190,24,0,38,"Big Spring, Texas"
2191,23,0,40,"Lake Jackson, Texas"
2192,31,0,36,"Harker Heights, Texas"
2193,15,0,31,"Southlake, Texas"
2194,24,0,41,"Leander, Texas"
2195,40,0,43,"Eagle Pass, Texas"
2196,39,0,47,"Kingsville, Texas"
2197,23,0,34,"Little Elm, Texas"
2198,26,0,40,"Greenville, Texas"
2199,23,0,31,"Weatherford, Texas"
2200,35,0,47,"Seguin, Texas"
2201,37,0,47,"Paris, Texas"
2202,42,0,48,"San Benito, Texas"
2203,30,0,43,"Alvin, Texas"
2204,29,0,42,"Corsicana, Texas"
2205,32,0,40,"Balch Springs, Texas"
2206,26,0,39,"Marshall, Texas"
2207,39,0,43,"Watauga, Texas"
2208,60,38,61,"University Park, Texas"
2209,49,0,50,"Cloverleaf, Texas"
2210,17,0,34,"Colleyville, Texas"
2211,7,0,33,"West Odessa, Texas"
2212,27,0,34,"Denison, Texas"
2213,33,0,40,"Kerrville, Texas"
2214,32,0,43,"Plainview, Texas"
2215,15,0,32,"Brushy Creek, Texas"
2216,3,0,14,"Canyon Lake, Texas"
2217,23,0,41,"Benbrook, Texas"
2218,19,0,32,"Sachse, Texas"
2219,12,0,32,"Corinth, Texas"
2220,27,0,38,"Saginaw, Texas"
2221,29,0,41,"Brownwood, Texas"
2222,37,0,43,"Alice, Texas"
2223,11,0,32,"Fresno, Texas"
2224,29,0,40,"Angleton, Texas"
2225,25,0,35,"Palestine, Texas"
2226,25,0,38,"Dickinson, Texas"
2227,23,0,42,"Orange, Texas"
2228,34,0,42,"Universal City, Texas"
2229,33,0,39,"Ennis, Texas"
2230,36,0,43,"Alamo, Texas"
2231,41,0,44,"Cinco Ranch, Texas"
2232,31,0,36,"Belton, Texas"
2233,23,21,33,"Converse, Texas"
2234,13,0,30,"Midlothian, Texas"
2235,33,0,44,"Pampa, Texas"
2236,15,0,33,"Murphy, Texas"
2237,36,0,41,"Stafford, Texas"
2238,30,0,45,"Bay City, Texas"
2239,41,0,46,"Nederland, Texas"
2240,31,0,41,"Stephenville, Texas"
2241,60,10,55,"South Houston, Texas"
2242,52,46,50,"Bellaire, Texas"
2243,19,0,39,"Mineral Wells, Texas"
2244,23,0,35,"Horizon City, Texas"
2245,59,44,73,"Salt Lake City, Utah"
2246,35,36,43,"West Valley City, Utah"
2247,47,34,63,"Provo, Utah"
2248,27,29,40,"West Jordan, Utah"
2249,43,33,58,"Orem, Utah"
2250,34,27,37,"Sandy, Utah"
2251,46,36,45,"Ogden, Utah"
2252,30,16,45,"St. George, Utah"
2253,30,22,40,"Layton, Utah"
2254,46,39,48,"Millcreek, Utah"
2255,34,35,44,"Taylorsville, Utah"
2256,25,22,44,"South Jordan, Utah"
2257,41,0,51,"Logan, Utah"
2258,22,14,40,"Lehi, Utah"
2259,39,38,51,"Murray, Utah"
2260,36,26,34,"Bountiful, Utah"
2261,18,16,33,"Draper, Utah"
2262,25,19,43,"Riverton, Utah"
2263,28,28,47,"Roy, Utah"
2264,33,35,39,"Kearns, Utah"
2265,32,12,44,"Spanish Fork, Utah"
2266,28,18,45,"Pleasant Grove, Utah"
2267,39,30,40,"Cottonwood Heights, Utah"
2268,25,18,33,"Tooele, Utah"
2269,33,29,50,"Clearfield, Utah"
2270,29,15,38,"Springville, Utah"
2271,32,0,40,"Cedar City, Utah"
2272,52,41,48,"Midvale, Utah"
2273,19,21,39,"Kaysville, Utah"
2274,31,31,36,"Magna, Utah"
2275,37,33,45,"Holladay, Utah"
2276,34,19,45,"American Fork, Utah"
2277,23,9,42,"Syracuse, Utah"
2278,58,48,58,"South Salt Lake, Utah"
2279,13,15,28,"Herriman, Utah"
2280,18,5,30,"Eagle Mountain, Utah"
2281,27,23,47,"Clinton, Utah"
2282,14,2,31,"Washington, Utah"
2283,38,20,40,"Payson, Utah"
2284,18,26,39,"Farmington, Utah"
2285,39,20,49,"Brigham City, Utah"
2286,8,4,27,"Saratoga Springs, Utah"
2287,20,28,25,"North Ogden, Utah"
2288,40,34,39,"South Ogden, Utah"
2289,59,37,78,"Burlington, Vermont"
2290,27,0,53,"South Burlington, Vermont"
2291,32,21,44,"Virginia Beach, Virginia"
2292,45,36,51,"Norfolk, Virginia"
2293,21,13,40,"Chesapeake, Virginia"
2294,69,62,72,"Arlington, Virginia"
2295,52,0,52,"Richmond, Virginia"
2296,33,27,42,"Newport News, Virginia"
2297,60,55,61,"Alexandria, Virginia"
2298,31,27,42,"Hampton, Virginia"
2299,42,28,39,"Roanoke, Virginia"
2300,36,24,44,"Portsmouth, Virginia"
2301,15,0,35,"Suffolk, Virginia"
2302,29,21,24,"Lynchburg, Virginia"
2303,32,22,48,"Centreville, Virginia"
2304,19,0,26,"Dale City, Virginia"
2305,40,40,54,"Reston, Virginia"
2306,45,31,40,"Harrisonburg, Virginia"
2307,24,26,30,"McLean, Virginia"
2308,31,0,33,"Tuckahoe, Virginia"
2309,36,0,41,"Ashburn, Virginia"
2310,59,38,56,"Charlottesville, Virginia"
2311,27,0,25,"Danville, Virginia"
2312,42,40,63,"Blacksburg, Virginia"
2313,36,0,45,"Leesburg, Virginia"
2314,23,0,25,"Lake Ridge, Virginia"
2315,25,24,34,"Burke, Virginia"
2316,41,38,44,"Annandale, Virginia"
2317,43,21,47,"Manassas, Virginia"
2318,14,0,28,"Mechanicsville, Virginia"
2319,11,0,34,"Linton Hall, Virginia"
2320,31,0,26,"Marumsco, Virginia"
2321,30,36,46,"Oakton, Virginia"
2322,31,0,36,"Petersburg, Virginia"
2323,35,42,44,"Springfield, Virginia"
2324,46,35,55,"Fair Oaks, Virginia"
2325,50,35,45,"West Falls Church, Virginia"
2326,39,0,40,"Sterling, Virginia"
2327,49,0,43,"Winchester, Virginia"
2328,24,0,18,"Cave Spring, Virginia"
2329,28,16,30,"Salem, Virginia"
2330,28,0,34,"Short Pump, Virginia"
2331,45,0,46,"Fredericksburg, Virginia"
2332,19,0,40,"South Riding, Virginia"
2333,36,0,24,"Staunton, Virginia"
2334,63,50,53,"Bailey's Crossroads, Virginia"
2335,51,35,57,"Herndon, Virginia"
2336,28,25,44,"Chantilly, Virginia"
2337,39,39,35,"Lincolnia, Virginia"
2338,37,0,38,"Hopewell, Virginia"
2339,53,38,56,"Fairfax, Virginia"
2340,21,26,29,"West Springfield, Virginia"
2341,24,16,26,"Christiansburg, Virginia"
2342,31,0,30,"Waynesboro, Virginia"
2343,10,0,23,"Chester, Virginia"
2344,48,40,45,"Woodlawn, Virginia"
2345,27,41,32,"Rose Hill, Virginia"
2346,49,56,45,"Tysons Corner, Virginia"
2347,13,17,25,"Montclair, Virginia"
2348,20,24,50,"Franklin Farm, Virginia"
2349,25,34,39,"Lorton, Virginia"
2350,17,0,30,"Meadowbrook, Virginia"
2351,33,41,47,"Franconia, Virginia"
2352,30,0,27,"Bristol, Virginia"
2353,53,36,44,"McNair, Virginia"
2354,33,0,36,"Colonial Heights, Virginia"
2355,38,22,38,"Burke Centre, Virginia"
2356,42,37,43,"Idylwood, Virginia"
2357,31,0,37,"Laurel, Virginia"
2358,74,60,70,"Seattle, Washington"
2359,49,36,52,"Spokane, Washington"
2360,53,0,49,"Tacoma, Washington"
2361,40,34,61,"Vancouver, Washington"
2362,40,38,44,"Bellevue, Washington"
2363,48,39,55,"Everett, Washington"
2364,39,35,46,"Kent, Washington"
2365,50,27,50,"Yakima, Washington"
2366,38,33,37,"Renton, Washington"
2367,30,28,47,"Spokane Valley, Washington"
2368,36,32,39,"Federal Way, Washington"
2369,49,37,58,"Bellingham, Washington"
2370,34,0,40,"Kennewick, Washington"
2371,31,24,41,"Auburn, Washington"
2372,22,0,41,"Marysville, Washington"
2373,36,31,46,"Pasco, Washington"
2374,38,0,45,"Lakewood, Washington"
2375,31,39,51,"Redmond, Washington"
2376,48,43,50,"Shoreline, Washington"
2377,17,0,29,"South Hill, Washington"
2378,48,40,50,"Kirkland, Washington"
2379,33,28,51,"Richland, Washington"
2380,39,35,57,"Olympia, Washington"
2381,13,17,29,"Sammamish, Washington"
2382,27,30,53,"Lacey, Washington"
2383,45,34,42,"Edmonds, Washington"
2384,49,31,38,"Bremerton, Washington"
2385,31,0,36,"Puyallup, Washington"
2386,38,21,49,"Longview, Washington"
2387,53,0,50,"Lynnwood, Washington"
2388,37,0,43,"Parkland, Washington"
2389,29,32,37,"Bothell, Washington"
2390,51,39,46,"Burien, Washington"
2391,47,33,47,"Wenatchee, Washington"
2392,34,4,42,"Mount Vernon, Washington"
2393,47,25,63,"Walla Walla, Washington"
2394,34,0,45,"University Place, Washington"
2395,30,26,37,"Issaquah, Washington"
2396,23,21,33,"East Hill-Meridian, Washington"
2397,41,0,39,"Pullman, Washington"
2398,39,37,41,"Des Moines, Washington"
2399,23,0,34,"Lake Stevens, Washington"
2400,23,0,36,"Spanaway, Washington"
2401,38,49,39,"SeaTac, Washington"
2402,6,0,26,"Graham, Washington"
2403,18,20,39,"Bainbridge Island, Washington"
2404,27,26,33,"Inglewood-Finn Hill, Washington"
2405,31,26,35,"Mercer Island, Washington"
2406,22,20,33,"Maple Valley, Washington"
2407,6,0,23,"Cottage Lake, Washington"
2408,27,20,37,"Oak Harbor, Washington"
2409,18,0,34,"Silver Firs, Washington"
2410,28,32,35,"Kenmore, Washington"
2411,29,0,38,"Moses Lake, Washington"
2412,25,0,31,"Mukilteo, Washington"
2413,21,0,37,"Eastmont, Washington"
2414,50,0,43,"Mountlake Terrace, Washington"
2415,29,0,49,"Salmon Creek, Washington"
2416,29,0,57,"Orchards, Washington"
2417,39,0,62,"Hazel Dell, Washington"
2418,18,0,36,"Camas, Washington"
2419,17,21,28,"Silverdale, Washington"
2420,43,47,41,"Tukwila, Washington"
2421,18,24,30,"Fairwood, Washington"
2422,35,0,39,"Port Angeles, Washington"
2423,12,0,31,"Union Hill-Novelty Hill, Washington"
2424,6,0,27,"Frederickson, Washington"
2425,28,0,48,"Mill Creek, Washington"
2426,43,0,55,"Ellensburg, Washington"
2427,25,0,55,"Five Corners, Washington"
2428,26,18,38,"Arlington, Washington"
2429,21,20,35,"Covington, Washington"
2430,33,0,52,"Battle Ground, Washington"
2431,15,0,24,"Bonney Lake, Washington"
2432,29,29,38,"Tumwater, Washington"
2433,29,0,43,"Monroe, Washington"
2434,47,0,43,"Aberdeen, Washington"
2435,14,0,27,"Bothell West, Washington"
2436,38,0,44,"North Lynnwood, Washington"
2437,32,0,28,"Charleston, West Virginia"
2438,48,0,44,"Huntington, West Virginia"
2439,45,0,37,"Parkersburg, West Virginia"
2440,54,0,41,"Morgantown, West Virginia"
2441,36,0,35,"Wheeling, West Virginia"
2442,26,0,20,"Weirton, West Virginia"
2443,42,0,26,"Fairmont, West Virginia"
2444,34,0,27,"Beckley, West Virginia"
2445,48,0,39,"Martinsburg, West Virginia"
2446,40,0,28,"Clarksburg, West Virginia"
2447,63,48,59,"Milwaukee, Wisconsin"
2448,48,39,65,"Madison, Wisconsin"
2449,41,28,49,"Green Bay, Wisconsin"
2450,45,0,49,"Kenosha, Wisconsin"
2451,56,34,57,"Racine, Wisconsin"
2452,42,0,52,"Appleton, Wisconsin"
2453,35,28,40,"Waukesha, Wisconsin"
2454,42,28,52,"Oshkosh, Wisconsin"
2455,35,0,49,"Eau Claire, Wisconsin"
2456,35,21,48,"Janesville, Wisconsin"
2457,60,43,53,"West Allis, Wisconsin"
2458,53,27,65,"La Crosse, Wisconsin"
2459,52,27,59,"Sheboygan, Wisconsin"
2460,58,43,58,"Wauwatosa, Wisconsin"
2461,44,0,52,"Fond du Lac, Wisconsin"
2462,17,0,37,"New Berlin, Wisconsin"
2463,41,0,52,"Wausau, Wisconsin"
2464,20,8,37,"Brookfield, Wisconsin"
2465,43,0,50,"Beloit, Wisconsin"
2466,37,35,43,"Greenfield, Wisconsin"
2467,26,14,38,"Menomonee Falls, Wisconsin"
2468,15,0,33,"Franklin, Wisconsin"
2469,21,19,40,"Oak Creek, Wisconsin"
2470,37,0,47,"Manitowoc, Wisconsin"
2471,33,0,42,"West Bend, Wisconsin"
2472,32,0,56,"Sun Prairie, Wisconsin"
2473,42,24,50,"Superior, Wisconsin"
2474,45,0,64,"Stevens Point, Wisconsin"
2475,18,0,37,"Mount Pleasant, Wisconsin"
2476,42,0,51,"Neenah, Wisconsin"
2477,29,21,57,"Fitchburg, Wisconsin"
2478,8,0,33,"Caledonia, Wisconsin"
2479,14,0,41,"Muskego, Wisconsin"
2480,37,0,42,"Watertown, Wisconsin"
2481,30,17,43,"De Pere, Wisconsin"
2482,10,0,34,"Mequon, Wisconsin"
2483,41,33,52,"South Milwaukee, Wisconsin"
2484,21,3,35,"Germantown, Wisconsin"
2485,9,0,36,"Pleasant Prairie, Wisconsin"
2486,37,0,56,"Marshfield, Wisconsin"
2487,39,0,53,"Wisconsin Rapids, Wisconsin"
2488,49,34,54,"Cudahy, Wisconsin"
2489,28,10,42,"Onalaska, Wisconsin"
2490,44,25,57,"Middleton, Wisconsin"
2491,16,0,39,"Howard, Wisconsin"
2492,40,0,55,"Menasha, Wisconsin"
2493,29,20,42,"Ashwaubenon, Wisconsin"
2494,37,0,51,"Cheyenne, Wyoming"
2495,39,0,44,"Casper, Wyoming"
2496,34,0,67,"Laramie, Wyoming"
2497,21,0,34,"Gillette, Wyoming"
2498,29,0,32,"Rock Springs, Wyoming"
2499,30,0,45,"Sheridan, Wyoming"
